<?xml version='1.0' encoding='ISO-8859-1' standalone='yes'?>                           <?mso-application progid='Excel.Sheet'?>                           <Workbook xmlns='urn:schemas-microsoft-com:office:spreadsheet'                                     xmlns:o='urn:schemas-microsoft-com:office:office'                                     xmlns:x='urn:schemas-microsoft-com:office:excel'                                     xmlns:ss='urn:schemas-microsoft-com:office:spreadsheet'                                     xmlns:html='http://www.w3.org/TR/REC-html40'>
<FontList>01 Courier New 8</FontList>
<Styles><Style ss:ID='s' /> <Style ss:ID='s01_Title'><Alignment ss:Vertical='Center' ss:Horizontal='Center' ss:WrapText='1' /><Font ss:Bold='1' ss:FontName='Courier New' ss:Size='8'  /></Style><Style ss:ID='s01_Note'><Alignment ss:Vertical='Center' ss:Horizontal='Left' /><Font ss:FontName='Courier New' ss:Size='8' /></Style><Style ss:ID='s01_0_S211114'><Alignment ss:Vertical='Center' ss:Horizontal='Left' ss:WrapText='1'/><Font ss:Bold='1' ss:FontName='Courier New' ss:Size='8' /><Borders><Border ss:Position='Bottom' ss:LineStyle='Continuous' ss:Weight='1'  />" "<Border ss:Position='Top'    ss:LineStyle='Double'     ss:Weight='1' /> </Borders><NumberFormat ss:Format='#,##0.0&quot;&quot;;-#,##0.0&quot;&quot;' /></Style><Style ss:ID='s01_0_S2111'><Alignment ss:Vertical='Center' ss:Horizontal='Left' ss:WrapText='1'/><Font ss:Bold='1' ss:FontName='Courier New' ss:Size='8' /><Borders></Borders><NumberFormat ss:Format='#,##0.0&quot;&quot;;-#,##0.0&quot;&quot;' /></Style><Style ss:ID='s01_0_S21112'><Alignment ss:Vertical='Center' ss:Horizontal='Left' ss:WrapText='1'/><Font ss:Bold='1' ss:FontName='Courier New' ss:Size='8' /><Borders><Border ss:Position='Bottom' ss:LineStyle='Continuous' ss:Weight='1' /></Borders><NumberFormat ss:Format='#,##0.0&quot;&quot;;-#,##0.0&quot;&quot;' /></Style><Style ss:ID='s01_0_SCCB014'><Alignment ss:Vertical='Center' ss:Horizontal='Center' ss:WrapText='1'/><Font ss:Bold='1' ss:FontName='Courier New' ss:Size='8' /><Borders><Border ss:Position='Bottom' ss:LineStyle='Continuous' ss:Weight='1'  />" "<Border ss:Position='Top'    ss:LineStyle='Double'     ss:Weight='1' /> </Borders><NumberFormat ss:Format='#,##0&quot;&quot;;-#,##0&quot;&quot;' /></Style><Style ss:ID='s01_0_N2316'><Alignment ss:Vertical='Center' ss:Horizontal='Right' /><Font ss:Bold='1' ss:FontName='Courier New' ss:Size='8' /><Borders></Borders><NumberFormat ss:Format='#,##0.000000&quot;&quot;;-#,##0.000000&quot;&quot;' /></Style><Style ss:ID='s01_0_N23162'><Alignment ss:Vertical='Center' ss:Horizontal='Right' /><Font ss:Bold='1' ss:FontName='Courier New' ss:Size='8' /><Borders><Border ss:Position='Bottom' ss:LineStyle='Continuous' ss:Weight='1' /></Borders><NumberFormat ss:Format='#,##0.000000&quot;&quot;;-#,##0.000000&quot;&quot;' /></Style><Style ss:ID='s01_0_S211113'><Alignment ss:Vertical='Center' ss:Horizontal='Left' ss:WrapText='1'/><Font ss:Bold='1' ss:FontName='Courier New' ss:Size='8' /><Borders><Border ss:Position='Bottom' ss:LineStyle='Double' ss:Weight='3' /> </Borders><NumberFormat ss:Format='#,##0.0&quot;&quot;;-#,##0.0&quot;&quot;' /></Style><Style ss:ID='s01_0_N2300'><Alignment ss:Vertical='Center' ss:Horizontal='Right' /><Font  ss:FontName='Courier New' ss:Size='8' /><Borders></Borders><NumberFormat ss:Format='#,##0&quot;&quot;;-#,##0&quot;&quot;' /></Style><Style ss:ID='s01_0_N23002'><Alignment ss:Vertical='Center' ss:Horizontal='Right' /><Font  ss:FontName='Courier New' ss:Size='8' /><Borders><Border ss:Position='Bottom' ss:LineStyle='Continuous' ss:Weight='1' /></Borders><NumberFormat ss:Format='#,##0&quot;&quot;;-#,##0&quot;&quot;' /></Style><Style ss:ID='s01_0_N230013'><Alignment ss:Vertical='Center' ss:Horizontal='Right' /><Font  ss:FontName='Courier New' ss:Size='8' /><Borders><Border ss:Position='Bottom' ss:LineStyle='Double' ss:Weight='3' /> </Borders><NumberFormat ss:Format='#,##0&quot;&quot;;-#,##0&quot;&quot;' /></Style><Style ss:ID='s01_0_N2302'><Alignment ss:Vertical='Center' ss:Horizontal='Right' /><Font  ss:FontName='Courier New' ss:Size='8' /><Borders></Borders><NumberFormat ss:Format='#,##0.00&quot;&quot;;-#,##0.00&quot;&quot;' /></Style><Style ss:ID='s01_0_N23022'><Alignment ss:Vertical='Center' ss:Horizontal='Right' /><Font  ss:FontName='Courier New' ss:Size='8' /><Borders><Border ss:Position='Bottom' ss:LineStyle='Continuous' ss:Weight='1' /></Borders><NumberFormat ss:Format='#,##0.00&quot;&quot;;-#,##0.00&quot;&quot;' /></Style><Style ss:ID='s01_0_N230213'><Alignment ss:Vertical='Center' ss:Horizontal='Right' /><Font  ss:FontName='Courier New' ss:Size='8' /><Borders><Border ss:Position='Bottom' ss:LineStyle='Double' ss:Weight='3' /> </Borders><NumberFormat ss:Format='#,##0.00&quot;&quot;;-#,##0.00&quot;&quot;' /></Style><Style ss:ID='s01_0_N2303'><Alignment ss:Vertical='Center' ss:Horizontal='Right' /><Font  ss:FontName='Courier New' ss:Size='8' /><Borders></Borders><NumberFormat ss:Format='#,##0.000&quot;&quot;;-#,##0.000&quot;&quot;' /></Style><Style ss:ID='s01_0_N23032'><Alignment ss:Vertical='Center' ss:Horizontal='Right' /><Font  ss:FontName='Courier New' ss:Size='8' /><Borders><Border ss:Position='Bottom' ss:LineStyle='Continuous' ss:Weight='1' /></Borders><NumberFormat ss:Format='#,##0.000&quot;&quot;;-#,##0.000&quot;&quot;' /></Style><Style ss:ID='s01_0_N230313'><Alignment ss:Vertical='Center' ss:Horizontal='Right' /><Font  ss:FontName='Courier New' ss:Size='8' /><Borders><Border ss:Position='Bottom' ss:LineStyle='Double' ss:Weight='3' /> </Borders><NumberFormat ss:Format='#,##0.000&quot;&quot;;-#,##0.000&quot;&quot;' /></Style></Styles>
<DocumentProperties xmlns='urn:schemas-microsoft-com:office:office'><Description>created using xml_tab</Description></DocumentProperties><Sheetnames>?General Info?table_11?table_21?table_22?table_23?table_24?table_25?table_31?table_32?table_33?table_34?table_35?table_41_S1?table_42_S1?table_43_S1?table_44_S1?table_45_S1?table_46_S1?table_47_S1?table_48_S1?table_49_S1?</Sheetnames>
<Worksheet ss:Name='General Info'><Table x:FullColumns='1' x:FullRows='1'><Column ss:Index='1' ss:AutoFitWidth='0'  ss:Width='140'/><Row ss:Index='1'><Cell ss:StyleID='s01_Note'><Data ss:Type='String'> - Country: MyCountry  </Data></Cell></Row><Row ss:Index='2'><Cell ss:StyleID='s01_Note'><Data ss:Type='String'> - Data survey: example.dta  </Data></Cell></Row><Row ss:Index='3'><Cell ss:StyleID='s01_Note'><Data ss:Type='String'> - Year of survey: 2008  </Data></Cell></Row><Row ss:Index='4'><Cell ss:StyleID='s01_Note'><Data ss:Type='String'> - Year of simulation: 2013  </Data></Cell></Row><Row ss:Index='5'><Cell ss:StyleID='s01_Note'><Data ss:Type='String'> - Local curency: LocCur  </Data></Cell></Row><Row ss:Index='6'><Cell ss:StyleID='s01_Note'><Data ss:Type='String'> - Per capita expenditures: pc_exp_tot  </Data></Cell></Row><Row ss:Index='7'><Cell ss:StyleID='s01_Note'><Data ss:Type='String'> - Household size: hhsize  </Data></Cell></Row><Row ss:Index='8'><Cell ss:StyleID='s01_Note'><Data ss:Type='String'> - Sampling weight: hh_coef  </Data></Cell></Row><Row ss:Index='9'><Cell ss:StyleID='s01_Note'><Data ss:Type='String'> - Impact on well-being: Marginal approach </Data></Cell></Row><Row ss:Index='10'><Cell ss:StyleID='s01_Note'><Data ss:Type='String'> - Poverty line : pline | Min=1000 | Max=1000  </Data></Cell></Row><Row ss:Index='11'><Cell ss:StyleID='s01_Note'><Data ss:Type='String'> - Number of items: 2  </Data></Cell></Row><Row ss:Index='14'> <Cell ss:StyleID='s01_0_S211114' ><Data ss:Type='String' ></Data></Cell> <Cell ss:StyleID='s01_0_SCCB014' ><Data ss:Type='String' >Initial price</Data></Cell> <Cell ss:StyleID='s01_0_SCCB014' ><Data ss:Type='String' >Subsidy</Data></Cell> <Cell ss:StyleID='s01_0_SCCB014' ><Data ss:Type='String' >Final price</Data></Cell></Row>
<Row ss:Index='15'> <Cell ss:StyleID='s01_0_S2111' ><Data ss:Type='String' >Flour</Data></Cell> <Cell ss:StyleID='s01_0_N2316' ><Data ss:Type='Number' >.10000000149011612</Data></Cell> <Cell ss:StyleID='s01_0_N2316' ><Data ss:Type='Number' >.30000001192092896</Data></Cell> <Cell ss:StyleID='s01_0_N2316' ><Data ss:Type='Number' >.20000000298023224</Data></Cell></Row>
<Row ss:Index='16'> <Cell ss:StyleID='s01_0_S21112' ><Data ss:Type='String' >Rice</Data></Cell> <Cell ss:StyleID='s01_0_N23162' ><Data ss:Type='Number' >.14000000059604645</Data></Cell> <Cell ss:StyleID='s01_0_N23162' ><Data ss:Type='Number' >.40000000596046448</Data></Cell> <Cell ss:StyleID='s01_0_N23162' ><Data ss:Type='Number' >.23999999463558197</Data></Cell></Row>
<Row ss:Index='17'><Cell ss:StyleID='s01_Note'><Data ss:Type='String'></Data></Cell></Row></Table></Worksheet>
<Worksheet ss:Name='table_11'><Table x:FullColumns='1' x:FullRows='1'><Column ss:Index='1' ss:AutoFitWidth='0'  ss:Width='140'/><Row ss:Index='1' ss:AutoFitHeight='1' ss:Height='14.55'> ><Cell ss:StyleID='s01_Title'  ss:MergeAcross='6' ss:HRef="#table_11!A1">                               <Data ss:Type='String'>Table 1.1: Population and expenditures (in currency)</Data></Cell></Row><Row ss:Index='2'> <Cell ss:StyleID='s01_0_S211114' ><Data ss:Type='String' ></Data></Cell> <Cell ss:StyleID='s01_0_SCCB014' ><Data ss:Type='String' >Population </Data></Cell> <Cell ss:StyleID='s01_0_SCCB014' ><Data ss:Type='String' >Number of households</Data></Cell> <Cell ss:StyleID='s01_0_SCCB014' ><Data ss:Type='String' >Household size</Data></Cell> <Cell ss:StyleID='s01_0_SCCB014' ><Data ss:Type='String' >Total expenditures</Data></Cell> <Cell ss:StyleID='s01_0_SCCB014' ><Data ss:Type='String' >Total expenditures per capita</Data></Cell> <Cell ss:StyleID='s01_0_SCCB014' ><Data ss:Type='String' >Total expenditures per household</Data></Cell></Row>
<Row ss:Index='3'> <Cell ss:StyleID='s01_0_S2111' ><Data ss:Type='String' >Quintile 1</Data></Cell> <Cell ss:StyleID='s01_0_N2300' ><Data ss:Type='Number' >129989.6953125</Data></Cell> <Cell ss:StyleID='s01_0_N2300' ><Data ss:Type='Number' >13208.1552734375</Data></Cell> <Cell ss:StyleID='s01_0_N2300' ><Data ss:Type='Number' >9.8416242599487305</Data></Cell> <Cell ss:StyleID='s01_0_N2300' ><Data ss:Type='Number' >121525968</Data></Cell> <Cell ss:StyleID='s01_0_N2300' ><Data ss:Type='Number' >934.88922119140625</Data></Cell> <Cell ss:StyleID='s01_0_N2300' ><Data ss:Type='Number' >9200.828125</Data></Cell></Row>
<Row ss:Index='4'> <Cell ss:StyleID='s01_0_S2111' ><Data ss:Type='String' >Quintile 2</Data></Cell> <Cell ss:StyleID='s01_0_N2300' ><Data ss:Type='Number' >129712.390625</Data></Cell> <Cell ss:StyleID='s01_0_N2300' ><Data ss:Type='Number' >15509.427734375</Data></Cell> <Cell ss:StyleID='s01_0_N2300' ><Data ss:Type='Number' >8.3634538650512695</Data></Cell> <Cell ss:StyleID='s01_0_N2300' ><Data ss:Type='Number' >180258240</Data></Cell> <Cell ss:StyleID='s01_0_N2300' ><Data ss:Type='Number' >1389.6763916015625</Data></Cell> <Cell ss:StyleID='s01_0_N2300' ><Data ss:Type='Number' >11622.494140625</Data></Cell></Row>
<Row ss:Index='5'> <Cell ss:StyleID='s01_0_S2111' ><Data ss:Type='String' >Quintile 3</Data></Cell> <Cell ss:StyleID='s01_0_N2300' ><Data ss:Type='Number' >129484.5625</Data></Cell> <Cell ss:StyleID='s01_0_N2300' ><Data ss:Type='Number' >18343.4453125</Data></Cell> <Cell ss:StyleID='s01_0_N2300' ><Data ss:Type='Number' >7.0589008331298828</Data></Cell> <Cell ss:StyleID='s01_0_N2300' ><Data ss:Type='Number' >229071520</Data></Cell> <Cell ss:StyleID='s01_0_N2300' ><Data ss:Type='Number' >1769.1029052734375</Data></Cell> <Cell ss:StyleID='s01_0_N2300' ><Data ss:Type='Number' >12487.9228515625</Data></Cell></Row>
<Row ss:Index='6'> <Cell ss:StyleID='s01_0_S2111' ><Data ss:Type='String' >Quintile 4</Data></Cell> <Cell ss:StyleID='s01_0_N2300' ><Data ss:Type='Number' >129913.75</Data></Cell> <Cell ss:StyleID='s01_0_N2300' ><Data ss:Type='Number' >22056.548828125</Data></Cell> <Cell ss:StyleID='s01_0_N2300' ><Data ss:Type='Number' >5.8900308609008789</Data></Cell> <Cell ss:StyleID='s01_0_N2300' ><Data ss:Type='Number' >301739872</Data></Cell> <Cell ss:StyleID='s01_0_N2300' ><Data ss:Type='Number' >2322.61669921875</Data></Cell> <Cell ss:StyleID='s01_0_N2300' ><Data ss:Type='Number' >13680.2841796875</Data></Cell></Row>
<Row ss:Index='7'> <Cell ss:StyleID='s01_0_S21112' ><Data ss:Type='String' >Quintile 5</Data></Cell> <Cell ss:StyleID='s01_0_N23002' ><Data ss:Type='Number' >129476.5078125</Data></Cell> <Cell ss:StyleID='s01_0_N23002' ><Data ss:Type='Number' >33910.40625</Data></Cell> <Cell ss:StyleID='s01_0_N23002' ><Data ss:Type='Number' >3.8181941509246826</Data></Cell> <Cell ss:StyleID='s01_0_N23002' ><Data ss:Type='Number' >504834336</Data></Cell> <Cell ss:StyleID='s01_0_N23002' ><Data ss:Type='Number' >3899.0419921875</Data></Cell> <Cell ss:StyleID='s01_0_N23002' ><Data ss:Type='Number' >14887.298828125</Data></Cell></Row>
<Row ss:Index='8'> <Cell ss:StyleID='s01_0_S211113' ><Data ss:Type='String' >Total</Data></Cell> <Cell ss:StyleID='s01_0_N230013' ><Data ss:Type='Number' >648576.9375</Data></Cell> <Cell ss:StyleID='s01_0_N230013' ><Data ss:Type='Number' >103027.984375</Data></Cell> <Cell ss:StyleID='s01_0_N230013' ><Data ss:Type='Number' >6.2951531410217285</Data></Cell> <Cell ss:StyleID='s01_0_N230013' ><Data ss:Type='Number' >1337429888</Data></Cell> <Cell ss:StyleID='s01_0_N230013' ><Data ss:Type='Number' >2062.09912109375</Data></Cell> <Cell ss:StyleID='s01_0_N230013' ><Data ss:Type='Number' >12981.23046875</Data></Cell></Row>
<Row ss:Index='9'><Cell ss:StyleID='s01_Note'><Data ss:Type='String'></Data></Cell></Row><Row ss:Index='10'><Cell ss:StyleID='s01_Note' ><Data ss:Type='String'> </Data></Cell></Row><Row ss:Index='11'><Cell ss:StyleID='s01_Note' ><Data ss:Type='String'> </Data></Cell></Row></Table></Worksheet>
<Worksheet ss:Name='table_21'><Table x:FullColumns='1' x:FullRows='1'><Column ss:Index='1' ss:AutoFitWidth='0'  ss:Width='140'/><Row ss:Index='1' ss:AutoFitHeight='1' ss:Height='14.55'> ><Cell ss:StyleID='s01_Title'  ss:MergeAcross='3' ss:HRef="#table_11!A1">                               <Data ss:Type='String'>Table 2.1: Expenditures (in currency)</Data></Cell></Row><Row ss:Index='2'> <Cell ss:StyleID='s01_0_S211114' ><Data ss:Type='String' ></Data></Cell> <Cell ss:StyleID='s01_0_SCCB014' ><Data ss:Type='String' >Flour  </Data></Cell> <Cell ss:StyleID='s01_0_SCCB014' ><Data ss:Type='String' >Rice </Data></Cell> <Cell ss:StyleID='s01_0_SCCB014' ><Data ss:Type='String' >Total</Data></Cell></Row>
<Row ss:Index='3'> <Cell ss:StyleID='s01_0_S2111' ><Data ss:Type='String' >Quintile 1</Data></Cell> <Cell ss:StyleID='s01_0_N2300' ><Data ss:Type='Number' >790975.375</Data></Cell> <Cell ss:StyleID='s01_0_N2300' ><Data ss:Type='Number' >1202488.75</Data></Cell> <Cell ss:StyleID='s01_0_N2300' ><Data ss:Type='Number' >1993464.125</Data></Cell></Row>
<Row ss:Index='4'> <Cell ss:StyleID='s01_0_S2111' ><Data ss:Type='String' >Quintile 2</Data></Cell> <Cell ss:StyleID='s01_0_N2300' ><Data ss:Type='Number' >971484.625</Data></Cell> <Cell ss:StyleID='s01_0_N2300' ><Data ss:Type='Number' >1490517.875</Data></Cell> <Cell ss:StyleID='s01_0_N2300' ><Data ss:Type='Number' >2462002.5</Data></Cell></Row>
<Row ss:Index='5'> <Cell ss:StyleID='s01_0_S2111' ><Data ss:Type='String' >Quintile 3</Data></Cell> <Cell ss:StyleID='s01_0_N2300' ><Data ss:Type='Number' >1150889.5</Data></Cell> <Cell ss:StyleID='s01_0_N2300' ><Data ss:Type='Number' >2015141.75</Data></Cell> <Cell ss:StyleID='s01_0_N2300' ><Data ss:Type='Number' >3166031.25</Data></Cell></Row>
<Row ss:Index='6'> <Cell ss:StyleID='s01_0_S2111' ><Data ss:Type='String' >Quintile 4</Data></Cell> <Cell ss:StyleID='s01_0_N2300' ><Data ss:Type='Number' >1383998.875</Data></Cell> <Cell ss:StyleID='s01_0_N2300' ><Data ss:Type='Number' >2256813.25</Data></Cell> <Cell ss:StyleID='s01_0_N2300' ><Data ss:Type='Number' >3640812</Data></Cell></Row>
<Row ss:Index='7'> <Cell ss:StyleID='s01_0_S21112' ><Data ss:Type='String' >Quintile 5</Data></Cell> <Cell ss:StyleID='s01_0_N23002' ><Data ss:Type='Number' >1782650.375</Data></Cell> <Cell ss:StyleID='s01_0_N23002' ><Data ss:Type='Number' >3316668</Data></Cell> <Cell ss:StyleID='s01_0_N23002' ><Data ss:Type='Number' >5099318.5</Data></Cell></Row>
<Row ss:Index='8'> <Cell ss:StyleID='s01_0_S211113' ><Data ss:Type='String' >Total</Data></Cell> <Cell ss:StyleID='s01_0_N230013' ><Data ss:Type='Number' >6079998.5</Data></Cell> <Cell ss:StyleID='s01_0_N230013' ><Data ss:Type='Number' >10281630</Data></Cell> <Cell ss:StyleID='s01_0_N230013' ><Data ss:Type='Number' >16361628</Data></Cell></Row>
<Row ss:Index='9'><Cell ss:StyleID='s01_Note'><Data ss:Type='String'></Data></Cell></Row><Row ss:Index='10'><Cell ss:StyleID='s01_Note' ><Data ss:Type='String'> </Data></Cell></Row><Row ss:Index='11'><Cell ss:StyleID='s01_Note' ><Data ss:Type='String'> </Data></Cell></Row></Table></Worksheet>
<Worksheet ss:Name='table_22'><Table x:FullColumns='1' x:FullRows='1'><Column ss:Index='1' ss:AutoFitWidth='0'  ss:Width='140'/><Row ss:Index='1' ss:AutoFitHeight='1' ss:Height='14.55'> ><Cell ss:StyleID='s01_Title'  ss:MergeAcross='3' ss:HRef="#table_11!A1">                               <Data ss:Type='String'>Table 2.2: Expenditures per household (in currency)</Data></Cell></Row><Row ss:Index='2'> <Cell ss:StyleID='s01_0_S211114' ><Data ss:Type='String' ></Data></Cell> <Cell ss:StyleID='s01_0_SCCB014' ><Data ss:Type='String' >Flour  </Data></Cell> <Cell ss:StyleID='s01_0_SCCB014' ><Data ss:Type='String' >Rice </Data></Cell> <Cell ss:StyleID='s01_0_SCCB014' ><Data ss:Type='String' >Total</Data></Cell></Row>
<Row ss:Index='3'> <Cell ss:StyleID='s01_0_S2111' ><Data ss:Type='String' >Quintile 1</Data></Cell> <Cell ss:StyleID='s01_0_N2302' ><Data ss:Type='Number' >59.8853759765625</Data></Cell> <Cell ss:StyleID='s01_0_N2302' ><Data ss:Type='Number' >91.041389465332031</Data></Cell> <Cell ss:StyleID='s01_0_N2302' ><Data ss:Type='Number' >150.9267578125</Data></Cell></Row>
<Row ss:Index='4'> <Cell ss:StyleID='s01_0_S2111' ><Data ss:Type='String' >Quintile 2</Data></Cell> <Cell ss:StyleID='s01_0_N2302' ><Data ss:Type='Number' >62.638324737548828</Data></Cell> <Cell ss:StyleID='s01_0_N2302' ><Data ss:Type='Number' >96.103988647460938</Data></Cell> <Cell ss:StyleID='s01_0_N2302' ><Data ss:Type='Number' >158.7423095703125</Data></Cell></Row>
<Row ss:Index='5'> <Cell ss:StyleID='s01_0_S2111' ><Data ss:Type='String' >Quintile 3</Data></Cell> <Cell ss:StyleID='s01_0_N2302' ><Data ss:Type='Number' >62.741188049316406</Data></Cell> <Cell ss:StyleID='s01_0_N2302' ><Data ss:Type='Number' >109.85623168945312</Data></Cell> <Cell ss:StyleID='s01_0_N2302' ><Data ss:Type='Number' >172.597412109375</Data></Cell></Row>
<Row ss:Index='6'> <Cell ss:StyleID='s01_0_S2111' ><Data ss:Type='String' >Quintile 4</Data></Cell> <Cell ss:StyleID='s01_0_N2302' ><Data ss:Type='Number' >62.747753143310547</Data></Cell> <Cell ss:StyleID='s01_0_N2302' ><Data ss:Type='Number' >102.31941223144531</Data></Cell> <Cell ss:StyleID='s01_0_N2302' ><Data ss:Type='Number' >165.06716918945312</Data></Cell></Row>
<Row ss:Index='7'> <Cell ss:StyleID='s01_0_S21112' ><Data ss:Type='String' >Quintile 5</Data></Cell> <Cell ss:StyleID='s01_0_N23022' ><Data ss:Type='Number' >52.569419860839844</Data></Cell> <Cell ss:StyleID='s01_0_N23022' ><Data ss:Type='Number' >97.806793212890625</Data></Cell> <Cell ss:StyleID='s01_0_N23022' ><Data ss:Type='Number' >150.376220703125</Data></Cell></Row>
<Row ss:Index='8'> <Cell ss:StyleID='s01_0_S211113' ><Data ss:Type='String' >Total</Data></Cell> <Cell ss:StyleID='s01_0_N230213' ><Data ss:Type='Number' >59.013080596923828</Data></Cell> <Cell ss:StyleID='s01_0_N230213' ><Data ss:Type='Number' >99.794532775878906</Data></Cell> <Cell ss:StyleID='s01_0_N230213' ><Data ss:Type='Number' >158.8076171875</Data></Cell></Row>
<Row ss:Index='9'><Cell ss:StyleID='s01_Note'><Data ss:Type='String'></Data></Cell></Row><Row ss:Index='10'><Cell ss:StyleID='s01_Note' ><Data ss:Type='String'> </Data></Cell></Row><Row ss:Index='11'><Cell ss:StyleID='s01_Note' ><Data ss:Type='String'> </Data></Cell></Row></Table></Worksheet>
<Worksheet ss:Name='table_23'><Table x:FullColumns='1' x:FullRows='1'><Column ss:Index='1' ss:AutoFitWidth='0'  ss:Width='140'/><Row ss:Index='1' ss:AutoFitHeight='1' ss:Height='14.55'> ><Cell ss:StyleID='s01_Title'  ss:MergeAcross='3' ss:HRef="#table_11!A1">                               <Data ss:Type='String'>Table 2.3: Expenditures per capita (in currency)</Data></Cell></Row><Row ss:Index='2'> <Cell ss:StyleID='s01_0_S211114' ><Data ss:Type='String' ></Data></Cell> <Cell ss:StyleID='s01_0_SCCB014' ><Data ss:Type='String' >Flour  </Data></Cell> <Cell ss:StyleID='s01_0_SCCB014' ><Data ss:Type='String' >Rice </Data></Cell> <Cell ss:StyleID='s01_0_SCCB014' ><Data ss:Type='String' >Total</Data></Cell></Row>
<Row ss:Index='3'> <Cell ss:StyleID='s01_0_S2111' ><Data ss:Type='String' >Quintile 1</Data></Cell> <Cell ss:StyleID='s01_0_N2302' ><Data ss:Type='Number' >6.0849080085754395</Data></Cell> <Cell ss:StyleID='s01_0_N2302' ><Data ss:Type='Number' >9.2506465911865234</Data></Cell> <Cell ss:StyleID='s01_0_N2302' ><Data ss:Type='Number' >15.335555076599121</Data></Cell></Row>
<Row ss:Index='4'> <Cell ss:StyleID='s01_0_S2111' ><Data ss:Type='String' >Quintile 2</Data></Cell> <Cell ss:StyleID='s01_0_N2302' ><Data ss:Type='Number' >7.4895281791687012</Data></Cell> <Cell ss:StyleID='s01_0_N2302' ><Data ss:Type='Number' >11.490943908691406</Data></Cell> <Cell ss:StyleID='s01_0_N2302' ><Data ss:Type='Number' >18.980472564697266</Data></Cell></Row>
<Row ss:Index='5'> <Cell ss:StyleID='s01_0_S2111' ><Data ss:Type='String' >Quintile 3</Data></Cell> <Cell ss:StyleID='s01_0_N2302' ><Data ss:Type='Number' >8.8882369995117187</Data></Cell> <Cell ss:StyleID='s01_0_N2302' ><Data ss:Type='Number' >15.56279468536377</Data></Cell> <Cell ss:StyleID='s01_0_N2302' ><Data ss:Type='Number' >24.451032638549805</Data></Cell></Row>
<Row ss:Index='6'> <Cell ss:StyleID='s01_0_S2111' ><Data ss:Type='String' >Quintile 4</Data></Cell> <Cell ss:StyleID='s01_0_N2302' ><Data ss:Type='Number' >10.653212547302246</Data></Cell> <Cell ss:StyleID='s01_0_N2302' ><Data ss:Type='Number' >17.371625900268555</Data></Cell> <Cell ss:StyleID='s01_0_N2302' ><Data ss:Type='Number' >28.024839401245117</Data></Cell></Row>
<Row ss:Index='7'> <Cell ss:StyleID='s01_0_S21112' ><Data ss:Type='String' >Quintile 5</Data></Cell> <Cell ss:StyleID='s01_0_N23022' ><Data ss:Type='Number' >13.768136978149414</Data></Cell> <Cell ss:StyleID='s01_0_N23022' ><Data ss:Type='Number' >25.615982055664062</Data></Cell> <Cell ss:StyleID='s01_0_N23022' ><Data ss:Type='Number' >39.384120941162109</Data></Cell></Row>
<Row ss:Index='8'> <Cell ss:StyleID='s01_0_S211113' ><Data ss:Type='String' >Total</Data></Cell> <Cell ss:StyleID='s01_0_N230213' ><Data ss:Type='Number' >9.3743677139282227</Data></Cell> <Cell ss:StyleID='s01_0_N230213' ><Data ss:Type='Number' >15.852598190307617</Data></Cell> <Cell ss:StyleID='s01_0_N230213' ><Data ss:Type='Number' >25.226966857910156</Data></Cell></Row>
<Row ss:Index='9'><Cell ss:StyleID='s01_Note'><Data ss:Type='String'></Data></Cell></Row><Row ss:Index='10'><Cell ss:StyleID='s01_Note' ><Data ss:Type='String'> </Data></Cell></Row><Row ss:Index='11'><Cell ss:StyleID='s01_Note' ><Data ss:Type='String'> </Data></Cell></Row></Table></Worksheet>
<Worksheet ss:Name='table_24'><Table x:FullColumns='1' x:FullRows='1'><Column ss:Index='1' ss:AutoFitWidth='0'  ss:Width='140'/><Row ss:Index='1' ss:AutoFitHeight='1' ss:Height='14.55'> ><Cell ss:StyleID='s01_Title'  ss:MergeAcross='2' ss:HRef="#table_11!A1">                               <Data ss:Type='String'>Table 2.4: Quantities consumed of subsidized products (in quantity)</Data></Cell></Row><Row ss:Index='2'> <Cell ss:StyleID='s01_0_S211114' ><Data ss:Type='String' ></Data></Cell> <Cell ss:StyleID='s01_0_SCCB014' ><Data ss:Type='String' >Flour  (kg)</Data></Cell> <Cell ss:StyleID='s01_0_SCCB014' ><Data ss:Type='String' >Rice (kg)</Data></Cell></Row>
<Row ss:Index='3'> <Cell ss:StyleID='s01_0_S2111' ><Data ss:Type='String' >Quintile 1</Data></Cell> <Cell ss:StyleID='s01_0_N2300' ><Data ss:Type='Number' >3610467.75</Data></Cell> <Cell ss:StyleID='s01_0_N2300' ><Data ss:Type='Number' >8589206</Data></Cell></Row>
<Row ss:Index='4'> <Cell ss:StyleID='s01_0_S2111' ><Data ss:Type='String' >Quintile 2</Data></Cell> <Cell ss:StyleID='s01_0_N2300' ><Data ss:Type='Number' >4192984.5</Data></Cell> <Cell ss:StyleID='s01_0_N2300' ><Data ss:Type='Number' >10646556</Data></Cell></Row>
<Row ss:Index='5'> <Cell ss:StyleID='s01_0_S2111' ><Data ss:Type='String' >Quintile 3</Data></Cell> <Cell ss:StyleID='s01_0_N2300' ><Data ss:Type='Number' >4642205.5</Data></Cell> <Cell ss:StyleID='s01_0_N2300' ><Data ss:Type='Number' >14393870</Data></Cell></Row>
<Row ss:Index='6'> <Cell ss:StyleID='s01_0_S2111' ><Data ss:Type='String' >Quintile 4</Data></Cell> <Cell ss:StyleID='s01_0_N2300' ><Data ss:Type='Number' >5262162.5</Data></Cell> <Cell ss:StyleID='s01_0_N2300' ><Data ss:Type='Number' >16120094</Data></Cell></Row>
<Row ss:Index='7'> <Cell ss:StyleID='s01_0_S21112' ><Data ss:Type='String' >Quintile 5</Data></Cell> <Cell ss:StyleID='s01_0_N23002' ><Data ss:Type='Number' >6212644</Data></Cell> <Cell ss:StyleID='s01_0_N23002' ><Data ss:Type='Number' >23690486</Data></Cell></Row>
<Row ss:Index='8'> <Cell ss:StyleID='s01_0_S211113' ><Data ss:Type='String' >Total</Data></Cell> <Cell ss:StyleID='s01_0_N230013' ><Data ss:Type='Number' >23920464</Data></Cell> <Cell ss:StyleID='s01_0_N230013' ><Data ss:Type='Number' >73440208</Data></Cell></Row>
<Row ss:Index='9'><Cell ss:StyleID='s01_Note'><Data ss:Type='String'></Data></Cell></Row><Row ss:Index='10'><Cell ss:StyleID='s01_Note' ><Data ss:Type='String'> </Data></Cell></Row><Row ss:Index='11'><Cell ss:StyleID='s01_Note' ><Data ss:Type='String'> </Data></Cell></Row></Table></Worksheet>
<Worksheet ss:Name='table_25'><Table x:FullColumns='1' x:FullRows='1'><Column ss:Index='1' ss:AutoFitWidth='0'  ss:Width='140'/><Row ss:Index='1' ss:AutoFitHeight='1' ss:Height='14.55'> ><Cell ss:StyleID='s01_Title'  ss:MergeAcross='2' ss:HRef="#table_11!A1">                               <Data ss:Type='String'>Table 2.5: Per capita consumed quantities of subsidized products (in quantity)</Data></Cell></Row><Row ss:Index='2'> <Cell ss:StyleID='s01_0_S211114' ><Data ss:Type='String' ></Data></Cell> <Cell ss:StyleID='s01_0_SCCB014' ><Data ss:Type='String' >Flour  (kg)</Data></Cell> <Cell ss:StyleID='s01_0_SCCB014' ><Data ss:Type='String' >Rice (kg)</Data></Cell></Row>
<Row ss:Index='3'> <Cell ss:StyleID='s01_0_S2111' ><Data ss:Type='String' >Quintile 1</Data></Cell> <Cell ss:StyleID='s01_0_N2302' ><Data ss:Type='Number' >27.775030136108398</Data></Cell> <Cell ss:StyleID='s01_0_N2302' ><Data ss:Type='Number' >66.0760498046875</Data></Cell></Row>
<Row ss:Index='4'> <Cell ss:StyleID='s01_0_S2111' ><Data ss:Type='String' >Quintile 2</Data></Cell> <Cell ss:StyleID='s01_0_N2302' ><Data ss:Type='Number' >32.325241088867188</Data></Cell> <Cell ss:StyleID='s01_0_N2302' ><Data ss:Type='Number' >82.078170776367188</Data></Cell></Row>
<Row ss:Index='5'> <Cell ss:StyleID='s01_0_S2111' ><Data ss:Type='String' >Quintile 3</Data></Cell> <Cell ss:StyleID='s01_0_N2302' ><Data ss:Type='Number' >35.851417541503906</Data></Cell> <Cell ss:StyleID='s01_0_N2302' ><Data ss:Type='Number' >111.16281890869141</Data></Cell></Row>
<Row ss:Index='6'> <Cell ss:StyleID='s01_0_S2111' ><Data ss:Type='String' >Quintile 4</Data></Cell> <Cell ss:StyleID='s01_0_N2302' ><Data ss:Type='Number' >40.505043029785156</Data></Cell> <Cell ss:StyleID='s01_0_N2302' ><Data ss:Type='Number' >124.08304595947266</Data></Cell></Row>
<Row ss:Index='7'> <Cell ss:StyleID='s01_0_S21112' ><Data ss:Type='String' >Quintile 5</Data></Cell> <Cell ss:StyleID='s01_0_N23022' ><Data ss:Type='Number' >47.9827880859375</Data></Cell> <Cell ss:StyleID='s01_0_N23022' ><Data ss:Type='Number' >182.97129821777344</Data></Cell></Row>
<Row ss:Index='8'> <Cell ss:StyleID='s01_0_S211113' ><Data ss:Type='String' >Total</Data></Cell> <Cell ss:StyleID='s01_0_N230213' ><Data ss:Type='Number' >36.881462097167969</Data></Cell> <Cell ss:StyleID='s01_0_N230213' ><Data ss:Type='Number' >113.23284912109375</Data></Cell></Row>
<Row ss:Index='9'><Cell ss:StyleID='s01_Note'><Data ss:Type='String'></Data></Cell></Row><Row ss:Index='10'><Cell ss:StyleID='s01_Note' ><Data ss:Type='String'> </Data></Cell></Row><Row ss:Index='11'><Cell ss:StyleID='s01_Note' ><Data ss:Type='String'> </Data></Cell></Row></Table></Worksheet>
<Worksheet ss:Name='table_31'><Table x:FullColumns='1' x:FullRows='1'><Column ss:Index='1' ss:AutoFitWidth='0'  ss:Width='140'/><Row ss:Index='1' ss:AutoFitHeight='1' ss:Height='14.55'> ><Cell ss:StyleID='s01_Title'  ss:MergeAcross='3' ss:HRef="#table_11!A1">                               <Data ss:Type='String'>Table 3.1: Structure of expenditure on subsidized products (in %)</Data></Cell></Row><Row ss:Index='2'> <Cell ss:StyleID='s01_0_S211114' ><Data ss:Type='String' ></Data></Cell> <Cell ss:StyleID='s01_0_SCCB014' ><Data ss:Type='String' >Flour  </Data></Cell> <Cell ss:StyleID='s01_0_SCCB014' ><Data ss:Type='String' >Rice </Data></Cell> <Cell ss:StyleID='s01_0_SCCB014' ><Data ss:Type='String' >Total</Data></Cell></Row>
<Row ss:Index='3'> <Cell ss:StyleID='s01_0_S2111' ><Data ss:Type='String' >Quintile 1</Data></Cell> <Cell ss:StyleID='s01_0_N2302' ><Data ss:Type='Number' >39.678432464599609</Data></Cell> <Cell ss:StyleID='s01_0_N2302' ><Data ss:Type='Number' >60.321567535400391</Data></Cell> <Cell ss:StyleID='s01_0_N2302' ><Data ss:Type='Number' >100</Data></Cell></Row>
<Row ss:Index='4'> <Cell ss:StyleID='s01_0_S2111' ><Data ss:Type='String' >Quintile 2</Data></Cell> <Cell ss:StyleID='s01_0_N2302' ><Data ss:Type='Number' >39.459125518798828</Data></Cell> <Cell ss:StyleID='s01_0_N2302' ><Data ss:Type='Number' >60.540874481201172</Data></Cell> <Cell ss:StyleID='s01_0_N2302' ><Data ss:Type='Number' >100</Data></Cell></Row>
<Row ss:Index='5'> <Cell ss:StyleID='s01_0_S2111' ><Data ss:Type='String' >Quintile 3</Data></Cell> <Cell ss:StyleID='s01_0_N2302' ><Data ss:Type='Number' >36.351173400878906</Data></Cell> <Cell ss:StyleID='s01_0_N2302' ><Data ss:Type='Number' >63.648826599121094</Data></Cell> <Cell ss:StyleID='s01_0_N2302' ><Data ss:Type='Number' >100</Data></Cell></Row>
<Row ss:Index='6'> <Cell ss:StyleID='s01_0_S2111' ><Data ss:Type='String' >Quintile 4</Data></Cell> <Cell ss:StyleID='s01_0_N2302' ><Data ss:Type='Number' >38.013465881347656</Data></Cell> <Cell ss:StyleID='s01_0_N2302' ><Data ss:Type='Number' >61.986534118652344</Data></Cell> <Cell ss:StyleID='s01_0_N2302' ><Data ss:Type='Number' >100</Data></Cell></Row>
<Row ss:Index='7'> <Cell ss:StyleID='s01_0_S21112' ><Data ss:Type='String' >Quintile 5</Data></Cell> <Cell ss:StyleID='s01_0_N23022' ><Data ss:Type='Number' >34.958599090576172</Data></Cell> <Cell ss:StyleID='s01_0_N23022' ><Data ss:Type='Number' >65.041397094726563</Data></Cell> <Cell ss:StyleID='s01_0_N23022' ><Data ss:Type='Number' >100</Data></Cell></Row>
<Row ss:Index='8'> <Cell ss:StyleID='s01_0_S211113' ><Data ss:Type='String' >Total</Data></Cell> <Cell ss:StyleID='s01_0_N230213' ><Data ss:Type='Number' >37.160106658935547</Data></Cell> <Cell ss:StyleID='s01_0_N230213' ><Data ss:Type='Number' >62.839893341064453</Data></Cell> <Cell ss:StyleID='s01_0_N230213' ><Data ss:Type='Number' >100</Data></Cell></Row>
<Row ss:Index='9'><Cell ss:StyleID='s01_Note'><Data ss:Type='String'></Data></Cell></Row><Row ss:Index='10'><Cell ss:StyleID='s01_Note' ><Data ss:Type='String'> </Data></Cell></Row><Row ss:Index='11'><Cell ss:StyleID='s01_Note' ><Data ss:Type='String'> </Data></Cell></Row></Table></Worksheet>
<Worksheet ss:Name='table_32'><Table x:FullColumns='1' x:FullRows='1'><Column ss:Index='1' ss:AutoFitWidth='0'  ss:Width='140'/><Row ss:Index='1' ss:AutoFitHeight='1' ss:Height='14.55'> ><Cell ss:StyleID='s01_Title'  ss:MergeAcross='3' ss:HRef="#table_11!A1">                               <Data ss:Type='String'>Table 3.2: Expenditure on subsidized products over the total expenditures (in %)</Data></Cell></Row><Row ss:Index='2'> <Cell ss:StyleID='s01_0_S211114' ><Data ss:Type='String' ></Data></Cell> <Cell ss:StyleID='s01_0_SCCB014' ><Data ss:Type='String' >Flour  </Data></Cell> <Cell ss:StyleID='s01_0_SCCB014' ><Data ss:Type='String' >Rice </Data></Cell> <Cell ss:StyleID='s01_0_SCCB014' ><Data ss:Type='String' >Total</Data></Cell></Row>
<Row ss:Index='3'> <Cell ss:StyleID='s01_0_S2111' ><Data ss:Type='String' >Quintile 1</Data></Cell> <Cell ss:StyleID='s01_0_N2302' ><Data ss:Type='Number' >.65086942911148071</Data></Cell> <Cell ss:StyleID='s01_0_N2302' ><Data ss:Type='Number' >.98949122428894043</Data></Cell> <Cell ss:StyleID='s01_0_N2302' ><Data ss:Type='Number' >1.6403605937957764</Data></Cell></Row>
<Row ss:Index='4'> <Cell ss:StyleID='s01_0_S2111' ><Data ss:Type='String' >Quintile 2</Data></Cell> <Cell ss:StyleID='s01_0_N2302' ><Data ss:Type='Number' >.53894048929214478</Data></Cell> <Cell ss:StyleID='s01_0_N2302' ><Data ss:Type='Number' >.82687914371490479</Data></Cell> <Cell ss:StyleID='s01_0_N2302' ><Data ss:Type='Number' >1.3658195734024048</Data></Cell></Row>
<Row ss:Index='5'> <Cell ss:StyleID='s01_0_S2111' ><Data ss:Type='String' >Quintile 3</Data></Cell> <Cell ss:StyleID='s01_0_N2302' ><Data ss:Type='Number' >.50241494178771973</Data></Cell> <Cell ss:StyleID='s01_0_N2302' ><Data ss:Type='Number' >.87969976663589478</Data></Cell> <Cell ss:StyleID='s01_0_N2302' ><Data ss:Type='Number' >1.3821147680282593</Data></Cell></Row>
<Row ss:Index='6'> <Cell ss:StyleID='s01_0_S2111' ><Data ss:Type='String' >Quintile 4</Data></Cell> <Cell ss:StyleID='s01_0_N2302' ><Data ss:Type='Number' >.45867288112640381</Data></Cell> <Cell ss:StyleID='s01_0_N2302' ><Data ss:Type='Number' >.74793338775634766</Data></Cell> <Cell ss:StyleID='s01_0_N2302' ><Data ss:Type='Number' >1.2066062688827515</Data></Cell></Row>
<Row ss:Index='7'> <Cell ss:StyleID='s01_0_S21112' ><Data ss:Type='String' >Quintile 5</Data></Cell> <Cell ss:StyleID='s01_0_N23022' ><Data ss:Type='Number' >.35311588644981384</Data></Cell> <Cell ss:StyleID='s01_0_N23022' ><Data ss:Type='Number' >.65698146820068359</Data></Cell> <Cell ss:StyleID='s01_0_N23022' ><Data ss:Type='Number' >1.0100973844528198</Data></Cell></Row>
<Row ss:Index='8'> <Cell ss:StyleID='s01_0_S211113' ><Data ss:Type='String' >Total</Data></Cell> <Cell ss:StyleID='s01_0_N230213' ><Data ss:Type='Number' >.4546031653881073</Data></Cell> <Cell ss:StyleID='s01_0_N230213' ><Data ss:Type='Number' >.76876020431518555</Data></Cell> <Cell ss:StyleID='s01_0_N230213' ><Data ss:Type='Number' >1.2233633995056152</Data></Cell></Row>
<Row ss:Index='9'><Cell ss:StyleID='s01_Note'><Data ss:Type='String'></Data></Cell></Row><Row ss:Index='10'><Cell ss:StyleID='s01_Note' ><Data ss:Type='String'> </Data></Cell></Row><Row ss:Index='11'><Cell ss:StyleID='s01_Note' ><Data ss:Type='String'> </Data></Cell></Row></Table></Worksheet>
<Worksheet ss:Name='table_33'><Table x:FullColumns='1' x:FullRows='1'><Column ss:Index='1' ss:AutoFitWidth='0'  ss:Width='140'/><Row ss:Index='1' ss:AutoFitHeight='1' ss:Height='14.55'> ><Cell ss:StyleID='s01_Title'  ss:MergeAcross='3' ss:HRef="#table_11!A1">                               <Data ss:Type='String'>Table 3.3: The total benefits through subsidies (in currency)</Data></Cell></Row><Row ss:Index='2'> <Cell ss:StyleID='s01_0_S211114' ><Data ss:Type='String' ></Data></Cell> <Cell ss:StyleID='s01_0_SCCB014' ><Data ss:Type='String' >Flour  </Data></Cell> <Cell ss:StyleID='s01_0_SCCB014' ><Data ss:Type='String' >Rice </Data></Cell> <Cell ss:StyleID='s01_0_SCCB014' ><Data ss:Type='String' >Total</Data></Cell></Row>
<Row ss:Index='3'> <Cell ss:StyleID='s01_0_S2111' ><Data ss:Type='String' >Quintile 1</Data></Cell> <Cell ss:StyleID='s01_0_N2300' ><Data ss:Type='Number' >653211.75</Data></Cell> <Cell ss:StyleID='s01_0_N2300' ><Data ss:Type='Number' >3435682.25</Data></Cell> <Cell ss:StyleID='s01_0_N2300' ><Data ss:Type='Number' >4088894</Data></Cell></Row>
<Row ss:Index='4'> <Cell ss:StyleID='s01_0_S2111' ><Data ss:Type='String' >Quintile 2</Data></Cell> <Cell ss:StyleID='s01_0_N2300' ><Data ss:Type='Number' >705709.25</Data></Cell> <Cell ss:StyleID='s01_0_N2300' ><Data ss:Type='Number' >4258622.5</Data></Cell> <Cell ss:StyleID='s01_0_N2300' ><Data ss:Type='Number' >4964331.5</Data></Cell></Row>
<Row ss:Index='5'> <Cell ss:StyleID='s01_0_S2111' ><Data ss:Type='String' >Quintile 3</Data></Cell> <Cell ss:StyleID='s01_0_N2300' ><Data ss:Type='Number' >705992.625</Data></Cell> <Cell ss:StyleID='s01_0_N2300' ><Data ss:Type='Number' >5757548</Data></Cell> <Cell ss:StyleID='s01_0_N2300' ><Data ss:Type='Number' >6463540.5</Data></Cell></Row>
<Row ss:Index='6'> <Cell ss:StyleID='s01_0_S2111' ><Data ss:Type='String' >Quintile 4</Data></Cell> <Cell ss:StyleID='s01_0_N2300' ><Data ss:Type='Number' >720866.0625</Data></Cell> <Cell ss:StyleID='s01_0_N2300' ><Data ss:Type='Number' >6448037.5</Data></Cell> <Cell ss:StyleID='s01_0_N2300' ><Data ss:Type='Number' >7168904</Data></Cell></Row>
<Row ss:Index='7'> <Cell ss:StyleID='s01_0_S21112' ><Data ss:Type='String' >Quintile 5</Data></Cell> <Cell ss:StyleID='s01_0_N23002' ><Data ss:Type='Number' >702407.3125</Data></Cell> <Cell ss:StyleID='s01_0_N23002' ><Data ss:Type='Number' >9476195</Data></Cell> <Cell ss:StyleID='s01_0_N23002' ><Data ss:Type='Number' >10178602</Data></Cell></Row>
<Row ss:Index='8'> <Cell ss:StyleID='s01_0_S211113' ><Data ss:Type='String' >Total</Data></Cell> <Cell ss:StyleID='s01_0_N230013' ><Data ss:Type='Number' >3488187</Data></Cell> <Cell ss:StyleID='s01_0_N230013' ><Data ss:Type='Number' >29376084</Data></Cell> <Cell ss:StyleID='s01_0_N230013' ><Data ss:Type='Number' >32864272</Data></Cell></Row>
<Row ss:Index='9'><Cell ss:StyleID='s01_Note'><Data ss:Type='String'></Data></Cell></Row><Row ss:Index='10'><Cell ss:StyleID='s01_Note' ><Data ss:Type='String'> </Data></Cell></Row><Row ss:Index='11'><Cell ss:StyleID='s01_Note' ><Data ss:Type='String'> </Data></Cell></Row></Table></Worksheet>
<Worksheet ss:Name='table_34'><Table x:FullColumns='1' x:FullRows='1'><Column ss:Index='1' ss:AutoFitWidth='0'  ss:Width='140'/><Row ss:Index='1' ss:AutoFitHeight='1' ss:Height='14.55'> ><Cell ss:StyleID='s01_Title'  ss:MergeAcross='3' ss:HRef="#table_11!A1">                               <Data ss:Type='String'>Table 3.4: The per capita benefit through subsidies (in currency)</Data></Cell></Row><Row ss:Index='2'> <Cell ss:StyleID='s01_0_S211114' ><Data ss:Type='String' ></Data></Cell> <Cell ss:StyleID='s01_0_SCCB014' ><Data ss:Type='String' >Flour  </Data></Cell> <Cell ss:StyleID='s01_0_SCCB014' ><Data ss:Type='String' >Rice </Data></Cell> <Cell ss:StyleID='s01_0_SCCB014' ><Data ss:Type='String' >Total</Data></Cell></Row>
<Row ss:Index='3'> <Cell ss:StyleID='s01_0_S2111' ><Data ss:Type='String' >Quintile 1</Data></Cell> <Cell ss:StyleID='s01_0_N2302' ><Data ss:Type='Number' >5.0251040458679199</Data></Cell> <Cell ss:StyleID='s01_0_N2302' ><Data ss:Type='Number' >26.430419921875</Data></Cell> <Cell ss:StyleID='s01_0_N2302' ><Data ss:Type='Number' >31.455524444580078</Data></Cell></Row>
<Row ss:Index='4'> <Cell ss:StyleID='s01_0_S2111' ><Data ss:Type='String' >Quintile 2</Data></Cell> <Cell ss:StyleID='s01_0_N2302' ><Data ss:Type='Number' >5.4405689239501953</Data></Cell> <Cell ss:StyleID='s01_0_N2302' ><Data ss:Type='Number' >32.831268310546875</Data></Cell> <Cell ss:StyleID='s01_0_N2302' ><Data ss:Type='Number' >38.271839141845703</Data></Cell></Row>
<Row ss:Index='5'> <Cell ss:StyleID='s01_0_S2111' ><Data ss:Type='String' >Quintile 3</Data></Cell> <Cell ss:StyleID='s01_0_N2302' ><Data ss:Type='Number' >5.4523301124572754</Data></Cell> <Cell ss:StyleID='s01_0_N2302' ><Data ss:Type='Number' >44.465129852294922</Data></Cell> <Cell ss:StyleID='s01_0_N2302' ><Data ss:Type='Number' >49.917457580566406</Data></Cell></Row>
<Row ss:Index='6'> <Cell ss:StyleID='s01_0_S2111' ><Data ss:Type='String' >Quintile 4</Data></Cell> <Cell ss:StyleID='s01_0_N2302' ><Data ss:Type='Number' >5.5488052368164062</Data></Cell> <Cell ss:StyleID='s01_0_N2302' ><Data ss:Type='Number' >49.633216857910156</Data></Cell> <Cell ss:StyleID='s01_0_N2302' ><Data ss:Type='Number' >55.182022094726563</Data></Cell></Row>
<Row ss:Index='7'> <Cell ss:StyleID='s01_0_S21112' ><Data ss:Type='String' >Quintile 5</Data></Cell> <Cell ss:StyleID='s01_0_N23022' ><Data ss:Type='Number' >5.4249782562255859</Data></Cell> <Cell ss:StyleID='s01_0_N23022' ><Data ss:Type='Number' >73.188522338867187</Data></Cell> <Cell ss:StyleID='s01_0_N23022' ><Data ss:Type='Number' >78.613502502441406</Data></Cell></Row>
<Row ss:Index='8'> <Cell ss:StyleID='s01_0_S211113' ><Data ss:Type='String' >Total</Data></Cell> <Cell ss:StyleID='s01_0_N230213' ><Data ss:Type='Number' >5.3782162666320801</Data></Cell> <Cell ss:StyleID='s01_0_N230213' ><Data ss:Type='Number' >45.293140411376953</Data></Cell> <Cell ss:StyleID='s01_0_N230213' ><Data ss:Type='Number' >50.671356201171875</Data></Cell></Row>
<Row ss:Index='9'><Cell ss:StyleID='s01_Note'><Data ss:Type='String'></Data></Cell></Row><Row ss:Index='10'><Cell ss:StyleID='s01_Note' ><Data ss:Type='String'> </Data></Cell></Row><Row ss:Index='11'><Cell ss:StyleID='s01_Note' ><Data ss:Type='String'> </Data></Cell></Row></Table></Worksheet>
<Worksheet ss:Name='table_35'><Table x:FullColumns='1' x:FullRows='1'><Column ss:Index='1' ss:AutoFitWidth='0'  ss:Width='140'/><Row ss:Index='1' ss:AutoFitHeight='1' ss:Height='14.55'> ><Cell ss:StyleID='s01_Title'  ss:MergeAcross='3' ss:HRef="#table_11!A1">                               <Data ss:Type='String'>Table 3.5: The share of benefits through subsidies (in %)</Data></Cell></Row><Row ss:Index='2'> <Cell ss:StyleID='s01_0_S211114' ><Data ss:Type='String' ></Data></Cell> <Cell ss:StyleID='s01_0_SCCB014' ><Data ss:Type='String' >Flour  </Data></Cell> <Cell ss:StyleID='s01_0_SCCB014' ><Data ss:Type='String' >Rice </Data></Cell> <Cell ss:StyleID='s01_0_SCCB014' ><Data ss:Type='String' >Total</Data></Cell></Row>
<Row ss:Index='3'> <Cell ss:StyleID='s01_0_S2111' ><Data ss:Type='String' >Quintile 1</Data></Cell> <Cell ss:StyleID='s01_0_N2302' ><Data ss:Type='Number' >15.97526741027832</Data></Cell> <Cell ss:StyleID='s01_0_N2302' ><Data ss:Type='Number' >84.024734497070312</Data></Cell> <Cell ss:StyleID='s01_0_N2302' ><Data ss:Type='Number' >100</Data></Cell></Row>
<Row ss:Index='4'> <Cell ss:StyleID='s01_0_S2111' ><Data ss:Type='String' >Quintile 2</Data></Cell> <Cell ss:StyleID='s01_0_N2302' ><Data ss:Type='Number' >14.215593338012695</Data></Cell> <Cell ss:StyleID='s01_0_N2302' ><Data ss:Type='Number' >85.784408569335938</Data></Cell> <Cell ss:StyleID='s01_0_N2302' ><Data ss:Type='Number' >100</Data></Cell></Row>
<Row ss:Index='5'> <Cell ss:StyleID='s01_0_S2111' ><Data ss:Type='String' >Quintile 3</Data></Cell> <Cell ss:StyleID='s01_0_N2302' ><Data ss:Type='Number' >10.922691345214844</Data></Cell> <Cell ss:StyleID='s01_0_N2302' ><Data ss:Type='Number' >89.077308654785156</Data></Cell> <Cell ss:StyleID='s01_0_N2302' ><Data ss:Type='Number' >100</Data></Cell></Row>
<Row ss:Index='6'> <Cell ss:StyleID='s01_0_S2111' ><Data ss:Type='String' >Quintile 4</Data></Cell> <Cell ss:StyleID='s01_0_N2302' ><Data ss:Type='Number' >10.055458068847656</Data></Cell> <Cell ss:StyleID='s01_0_N2302' ><Data ss:Type='Number' >89.944541931152344</Data></Cell> <Cell ss:StyleID='s01_0_N2302' ><Data ss:Type='Number' >100</Data></Cell></Row>
<Row ss:Index='7'> <Cell ss:StyleID='s01_0_S21112' ><Data ss:Type='String' >Quintile 5</Data></Cell> <Cell ss:StyleID='s01_0_N23022' ><Data ss:Type='Number' >6.900822639465332</Data></Cell> <Cell ss:StyleID='s01_0_N23022' ><Data ss:Type='Number' >93.099174499511719</Data></Cell> <Cell ss:StyleID='s01_0_N23022' ><Data ss:Type='Number' >100</Data></Cell></Row>
<Row ss:Index='8'> <Cell ss:StyleID='s01_0_S211113' ><Data ss:Type='String' >Total</Data></Cell> <Cell ss:StyleID='s01_0_N230213' ><Data ss:Type='Number' >10.613918304443359</Data></Cell> <Cell ss:StyleID='s01_0_N230213' ><Data ss:Type='Number' >89.386077880859375</Data></Cell> <Cell ss:StyleID='s01_0_N230213' ><Data ss:Type='Number' >100</Data></Cell></Row>
<Row ss:Index='9'><Cell ss:StyleID='s01_Note'><Data ss:Type='String'></Data></Cell></Row><Row ss:Index='10'><Cell ss:StyleID='s01_Note' ><Data ss:Type='String'> </Data></Cell></Row><Row ss:Index='11'><Cell ss:StyleID='s01_Note' ><Data ss:Type='String'> </Data></Cell></Row></Table></Worksheet>
<Worksheet ss:Name='table_41_S1'><Table x:FullColumns='1' x:FullRows='1'><Column ss:Index='1' ss:AutoFitWidth='0'  ss:Width='140'/><Row ss:Index='1' ss:AutoFitHeight='1' ss:Height='14.55'> ><Cell ss:StyleID='s01_Title'  ss:MergeAcross='3' ss:HRef="#table_11!A1">                               <Data ss:Type='String'>Table 4.1: The total impact on the population well-being (in currency)</Data></Cell></Row><Row ss:Index='2'> <Cell ss:StyleID='s01_0_S211114' ><Data ss:Type='String' ></Data></Cell> <Cell ss:StyleID='s01_0_SCCB014' ><Data ss:Type='String' >Flour  </Data></Cell> <Cell ss:StyleID='s01_0_SCCB014' ><Data ss:Type='String' >Rice </Data></Cell> <Cell ss:StyleID='s01_0_SCCB014' ><Data ss:Type='String' >Total</Data></Cell></Row>
<Row ss:Index='3'> <Cell ss:StyleID='s01_0_S2111' ><Data ss:Type='String' >Quintile 1</Data></Cell> <Cell ss:StyleID='s01_0_N2300' ><Data ss:Type='Number' >-217737.265625</Data></Cell> <Cell ss:StyleID='s01_0_N2300' ><Data ss:Type='Number' >-858920.5</Data></Cell> <Cell ss:StyleID='s01_0_N2300' ><Data ss:Type='Number' >-1076657.75</Data></Cell></Row>
<Row ss:Index='4'> <Cell ss:StyleID='s01_0_S2111' ><Data ss:Type='String' >Quintile 2</Data></Cell> <Cell ss:StyleID='s01_0_N2300' ><Data ss:Type='Number' >-235236.40625</Data></Cell> <Cell ss:StyleID='s01_0_N2300' ><Data ss:Type='Number' >-1064655.5</Data></Cell> <Cell ss:StyleID='s01_0_N2300' ><Data ss:Type='Number' >-1299892</Data></Cell></Row>
<Row ss:Index='5'> <Cell ss:StyleID='s01_0_S2111' ><Data ss:Type='String' >Quintile 3</Data></Cell> <Cell ss:StyleID='s01_0_N2300' ><Data ss:Type='Number' >-235330.875</Data></Cell> <Cell ss:StyleID='s01_0_N2300' ><Data ss:Type='Number' >-1439386.875</Data></Cell> <Cell ss:StyleID='s01_0_N2300' ><Data ss:Type='Number' >-1674717.75</Data></Cell></Row>
<Row ss:Index='6'> <Cell ss:StyleID='s01_0_S2111' ><Data ss:Type='String' >Quintile 4</Data></Cell> <Cell ss:StyleID='s01_0_N2300' ><Data ss:Type='Number' >-240288.703125</Data></Cell> <Cell ss:StyleID='s01_0_N2300' ><Data ss:Type='Number' >-1612009.25</Data></Cell> <Cell ss:StyleID='s01_0_N2300' ><Data ss:Type='Number' >-1852298</Data></Cell></Row>
<Row ss:Index='7'> <Cell ss:StyleID='s01_0_S21112' ><Data ss:Type='String' >Quintile 5</Data></Cell> <Cell ss:StyleID='s01_0_N23002' ><Data ss:Type='Number' >-234135.765625</Data></Cell> <Cell ss:StyleID='s01_0_N23002' ><Data ss:Type='Number' >-2369048.5</Data></Cell> <Cell ss:StyleID='s01_0_N23002' ><Data ss:Type='Number' >-2603184.25</Data></Cell></Row>
<Row ss:Index='8'> <Cell ss:StyleID='s01_0_S211113' ><Data ss:Type='String' >Total</Data></Cell> <Cell ss:StyleID='s01_0_N230013' ><Data ss:Type='Number' >-1162729</Data></Cell> <Cell ss:StyleID='s01_0_N230013' ><Data ss:Type='Number' >-7344020.5</Data></Cell> <Cell ss:StyleID='s01_0_N230013' ><Data ss:Type='Number' >-8506750</Data></Cell></Row>
<Row ss:Index='9'><Cell ss:StyleID='s01_Note'><Data ss:Type='String'></Data></Cell></Row><Row ss:Index='10'><Cell ss:StyleID='s01_Note' ><Data ss:Type='String'> </Data></Cell></Row><Row ss:Index='11'><Cell ss:StyleID='s01_Note' ><Data ss:Type='String'> </Data></Cell></Row></Table></Worksheet>
<Worksheet ss:Name='table_42_S1'><Table x:FullColumns='1' x:FullRows='1'><Column ss:Index='1' ss:AutoFitWidth='0'  ss:Width='140'/><Row ss:Index='1' ss:AutoFitHeight='1' ss:Height='14.55'> ><Cell ss:StyleID='s01_Title'  ss:MergeAcross='3' ss:HRef="#table_11!A1">                               <Data ss:Type='String'>Table 4.2: The impact on the per capita well-being (in currency)</Data></Cell></Row><Row ss:Index='2'> <Cell ss:StyleID='s01_0_S211114' ><Data ss:Type='String' ></Data></Cell> <Cell ss:StyleID='s01_0_SCCB014' ><Data ss:Type='String' >Flour  </Data></Cell> <Cell ss:StyleID='s01_0_SCCB014' ><Data ss:Type='String' >Rice </Data></Cell> <Cell ss:StyleID='s01_0_SCCB014' ><Data ss:Type='String' >Total</Data></Cell></Row>
<Row ss:Index='3'> <Cell ss:StyleID='s01_0_S2111' ><Data ss:Type='String' >Quintile 1</Data></Cell> <Cell ss:StyleID='s01_0_N2302' ><Data ss:Type='Number' >-1.675034761428833</Data></Cell> <Cell ss:StyleID='s01_0_N2302' ><Data ss:Type='Number' >-6.6076045036315918</Data></Cell> <Cell ss:StyleID='s01_0_N2302' ><Data ss:Type='Number' >-8.2826395034790039</Data></Cell></Row>
<Row ss:Index='4'> <Cell ss:StyleID='s01_0_S2111' ><Data ss:Type='String' >Quintile 2</Data></Cell> <Cell ss:StyleID='s01_0_N2302' ><Data ss:Type='Number' >-1.8135230541229248</Data></Cell> <Cell ss:StyleID='s01_0_N2302' ><Data ss:Type='Number' >-8.2078170776367188</Data></Cell> <Cell ss:StyleID='s01_0_N2302' ><Data ss:Type='Number' >-10.021339416503906</Data></Cell></Row>
<Row ss:Index='5'> <Cell ss:StyleID='s01_0_S2111' ><Data ss:Type='String' >Quintile 3</Data></Cell> <Cell ss:StyleID='s01_0_N2302' ><Data ss:Type='Number' >-1.8174433708190918</Data></Cell> <Cell ss:StyleID='s01_0_N2302' ><Data ss:Type='Number' >-11.116281509399414</Data></Cell> <Cell ss:StyleID='s01_0_N2302' ><Data ss:Type='Number' >-12.933724403381348</Data></Cell></Row>
<Row ss:Index='6'> <Cell ss:StyleID='s01_0_S2111' ><Data ss:Type='String' >Quintile 4</Data></Cell> <Cell ss:StyleID='s01_0_N2302' ><Data ss:Type='Number' >-1.8496017456054687</Data></Cell> <Cell ss:StyleID='s01_0_N2302' ><Data ss:Type='Number' >-12.408303260803223</Data></Cell> <Cell ss:StyleID='s01_0_N2302' ><Data ss:Type='Number' >-14.257905006408691</Data></Cell></Row>
<Row ss:Index='7'> <Cell ss:StyleID='s01_0_S21112' ><Data ss:Type='String' >Quintile 5</Data></Cell> <Cell ss:StyleID='s01_0_N23022' ><Data ss:Type='Number' >-1.808326244354248</Data></Cell> <Cell ss:StyleID='s01_0_N23022' ><Data ss:Type='Number' >-18.297128677368164</Data></Cell> <Cell ss:StyleID='s01_0_N23022' ><Data ss:Type='Number' >-20.10545539855957</Data></Cell></Row>
<Row ss:Index='8'> <Cell ss:StyleID='s01_0_S211113' ><Data ss:Type='String' >Total</Data></Cell> <Cell ss:StyleID='s01_0_N230213' ><Data ss:Type='Number' >-1.7927387952804565</Data></Cell> <Cell ss:StyleID='s01_0_N230213' ><Data ss:Type='Number' >-11.323284149169922</Data></Cell> <Cell ss:StyleID='s01_0_N230213' ><Data ss:Type='Number' >-13.116023063659668</Data></Cell></Row>
<Row ss:Index='9'><Cell ss:StyleID='s01_Note'><Data ss:Type='String'></Data></Cell></Row><Row ss:Index='10'><Cell ss:StyleID='s01_Note' ><Data ss:Type='String'> </Data></Cell></Row><Row ss:Index='11'><Cell ss:StyleID='s01_Note' ><Data ss:Type='String'> </Data></Cell></Row></Table></Worksheet>
<Worksheet ss:Name='table_43_S1'><Table x:FullColumns='1' x:FullRows='1'><Column ss:Index='1' ss:AutoFitWidth='0'  ss:Width='140'/><Row ss:Index='1' ss:AutoFitHeight='1' ss:Height='14.55'> ><Cell ss:StyleID='s01_Title'  ss:MergeAcross='3' ss:HRef="#table_11!A1">                               <Data ss:Type='String'>Table 4.3: The impact on well-being (in %)</Data></Cell></Row><Row ss:Index='2'> <Cell ss:StyleID='s01_0_S211114' ><Data ss:Type='String' ></Data></Cell> <Cell ss:StyleID='s01_0_SCCB014' ><Data ss:Type='String' >Flour  </Data></Cell> <Cell ss:StyleID='s01_0_SCCB014' ><Data ss:Type='String' >Rice </Data></Cell> <Cell ss:StyleID='s01_0_SCCB014' ><Data ss:Type='String' >Total</Data></Cell></Row>
<Row ss:Index='3'> <Cell ss:StyleID='s01_0_S2111' ><Data ss:Type='String' >Quintile 1</Data></Cell> <Cell ss:StyleID='s01_0_N2302' ><Data ss:Type='Number' >-.17916932702064514</Data></Cell> <Cell ss:StyleID='s01_0_N2302' ><Data ss:Type='Number' >-.70677942037582397</Data></Cell> <Cell ss:StyleID='s01_0_N2302' ><Data ss:Type='Number' >-.88594871759414673</Data></Cell></Row>
<Row ss:Index='4'> <Cell ss:StyleID='s01_0_S2111' ><Data ss:Type='String' >Quintile 2</Data></Cell> <Cell ss:StyleID='s01_0_N2302' ><Data ss:Type='Number' >-.13049966096878052</Data></Cell> <Cell ss:StyleID='s01_0_N2302' ><Data ss:Type='Number' >-.59062790870666504</Data></Cell> <Cell ss:StyleID='s01_0_N2302' ><Data ss:Type='Number' >-.72112762928009033</Data></Cell></Row>
<Row ss:Index='5'> <Cell ss:StyleID='s01_0_S2111' ><Data ss:Type='String' >Quintile 3</Data></Cell> <Cell ss:StyleID='s01_0_N2302' ><Data ss:Type='Number' >-.10273248702287674</Data></Cell> <Cell ss:StyleID='s01_0_N2302' ><Data ss:Type='Number' >-.62835693359375</Data></Cell> <Cell ss:StyleID='s01_0_N2302' ><Data ss:Type='Number' >-.73108941316604614</Data></Cell></Row>
<Row ss:Index='6'> <Cell ss:StyleID='s01_0_S2111' ><Data ss:Type='String' >Quintile 4</Data></Cell> <Cell ss:StyleID='s01_0_N2302' ><Data ss:Type='Number' >-.079634390771389008</Data></Cell> <Cell ss:StyleID='s01_0_N2302' ><Data ss:Type='Number' >-.53423810005187988</Data></Cell> <Cell ss:StyleID='s01_0_N2302' ><Data ss:Type='Number' >-.6138724684715271</Data></Cell></Row>
<Row ss:Index='7'> <Cell ss:StyleID='s01_0_S21112' ><Data ss:Type='String' >Quintile 5</Data></Cell> <Cell ss:StyleID='s01_0_N23022' ><Data ss:Type='Number' >-.046378731727600098</Data></Cell> <Cell ss:StyleID='s01_0_N23022' ><Data ss:Type='Number' >-.4692724347114563</Data></Cell> <Cell ss:StyleID='s01_0_N23022' ><Data ss:Type='Number' >-.5156511664390564</Data></Cell></Row>
<Row ss:Index='8'> <Cell ss:StyleID='s01_0_S211113' ><Data ss:Type='String' >Total</Data></Cell> <Cell ss:StyleID='s01_0_N230213' ><Data ss:Type='Number' >-.086937561631202698</Data></Cell> <Cell ss:StyleID='s01_0_N230213' ><Data ss:Type='Number' >-.5491144061088562</Data></Cell> <Cell ss:StyleID='s01_0_N230213' ><Data ss:Type='Number' >-.63605195283889771</Data></Cell></Row>
<Row ss:Index='9'><Cell ss:StyleID='s01_Note'><Data ss:Type='String'></Data></Cell></Row><Row ss:Index='10'><Cell ss:StyleID='s01_Note' ><Data ss:Type='String'> </Data></Cell></Row><Row ss:Index='11'><Cell ss:StyleID='s01_Note' ><Data ss:Type='String'> </Data></Cell></Row></Table></Worksheet>
<Worksheet ss:Name='table_44_S1'><Table x:FullColumns='1' x:FullRows='1'><Column ss:Index='1' ss:AutoFitWidth='0'  ss:Width='140'/><Row ss:Index='1' ss:AutoFitHeight='1' ss:Height='14.55'> ><Cell ss:StyleID='s01_Title'  ss:MergeAcross='2' ss:HRef="#table_11!A1">                               <Data ss:Type='String'>Table 4.4: The total impact on consumed quantities (in quantity)</Data></Cell></Row><Row ss:Index='2'> <Cell ss:StyleID='s01_0_S211114' ><Data ss:Type='String' ></Data></Cell> <Cell ss:StyleID='s01_0_SCCB014' ><Data ss:Type='String' >Flour  (kg)</Data></Cell> <Cell ss:StyleID='s01_0_SCCB014' ><Data ss:Type='String' >Rice (kg)</Data></Cell></Row>
<Row ss:Index='3'> <Cell ss:StyleID='s01_0_S2111' ><Data ss:Type='String' >Quintile 1</Data></Cell> <Cell ss:StyleID='s01_0_N2300' ><Data ss:Type='Number' >-653211.75</Data></Cell> <Cell ss:StyleID='s01_0_N2300' ><Data ss:Type='Number' >-3067573.25</Data></Cell></Row>
<Row ss:Index='4'> <Cell ss:StyleID='s01_0_S2111' ><Data ss:Type='String' >Quintile 2</Data></Cell> <Cell ss:StyleID='s01_0_N2300' ><Data ss:Type='Number' >-705709.1875</Data></Cell> <Cell ss:StyleID='s01_0_N2300' ><Data ss:Type='Number' >-3802341.25</Data></Cell></Row>
<Row ss:Index='5'> <Cell ss:StyleID='s01_0_S2111' ><Data ss:Type='String' >Quintile 3</Data></Cell> <Cell ss:StyleID='s01_0_N2300' ><Data ss:Type='Number' >-705992.5625</Data></Cell> <Cell ss:StyleID='s01_0_N2300' ><Data ss:Type='Number' >-5140667.5</Data></Cell></Row>
<Row ss:Index='6'> <Cell ss:StyleID='s01_0_S2111' ><Data ss:Type='String' >Quintile 4</Data></Cell> <Cell ss:StyleID='s01_0_N2300' ><Data ss:Type='Number' >-720866.0625</Data></Cell> <Cell ss:StyleID='s01_0_N2300' ><Data ss:Type='Number' >-5757176</Data></Cell></Row>
<Row ss:Index='7'> <Cell ss:StyleID='s01_0_S21112' ><Data ss:Type='String' >Quintile 5</Data></Cell> <Cell ss:StyleID='s01_0_N23002' ><Data ss:Type='Number' >-702407.25</Data></Cell> <Cell ss:StyleID='s01_0_N23002' ><Data ss:Type='Number' >-8460887</Data></Cell></Row>
<Row ss:Index='8'> <Cell ss:StyleID='s01_0_S211113' ><Data ss:Type='String' >Total</Data></Cell> <Cell ss:StyleID='s01_0_N230013' ><Data ss:Type='Number' >-3488187</Data></Cell> <Cell ss:StyleID='s01_0_N230013' ><Data ss:Type='Number' >-26228644</Data></Cell></Row>
<Row ss:Index='9'><Cell ss:StyleID='s01_Note'><Data ss:Type='String'></Data></Cell></Row><Row ss:Index='10'><Cell ss:StyleID='s01_Note' ><Data ss:Type='String'> </Data></Cell></Row><Row ss:Index='11'><Cell ss:StyleID='s01_Note' ><Data ss:Type='String'> </Data></Cell></Row></Table></Worksheet>
<Worksheet ss:Name='table_45_S1'><Table x:FullColumns='1' x:FullRows='1'><Column ss:Index='1' ss:AutoFitWidth='0'  ss:Width='140'/><Row ss:Index='1' ss:AutoFitHeight='1' ss:Height='14.55'> ><Cell ss:StyleID='s01_Title'  ss:MergeAcross='2' ss:HRef="#table_11!A1">                               <Data ss:Type='String'>Table 4.5: The impact on the per capita consumed quantities (in quantity)</Data></Cell></Row><Row ss:Index='2'> <Cell ss:StyleID='s01_0_S211114' ><Data ss:Type='String' ></Data></Cell> <Cell ss:StyleID='s01_0_SCCB014' ><Data ss:Type='String' >Flour  (kg)</Data></Cell> <Cell ss:StyleID='s01_0_SCCB014' ><Data ss:Type='String' >Rice (kg)</Data></Cell></Row>
<Row ss:Index='3'> <Cell ss:StyleID='s01_0_S2111' ><Data ss:Type='String' >Quintile 1</Data></Cell> <Cell ss:StyleID='s01_0_N2303' ><Data ss:Type='Number' >-5.0251040458679199</Data></Cell> <Cell ss:StyleID='s01_0_N2303' ><Data ss:Type='Number' >-23.598587036132813</Data></Cell></Row>
<Row ss:Index='4'> <Cell ss:StyleID='s01_0_S2111' ><Data ss:Type='String' >Quintile 2</Data></Cell> <Cell ss:StyleID='s01_0_N2303' ><Data ss:Type='Number' >-5.4405689239501953</Data></Cell> <Cell ss:StyleID='s01_0_N2303' ><Data ss:Type='Number' >-29.313631057739258</Data></Cell></Row>
<Row ss:Index='5'> <Cell ss:StyleID='s01_0_S2111' ><Data ss:Type='String' >Quintile 3</Data></Cell> <Cell ss:StyleID='s01_0_N2303' ><Data ss:Type='Number' >-5.4523301124572754</Data></Cell> <Cell ss:StyleID='s01_0_N2303' ><Data ss:Type='Number' >-39.701004028320312</Data></Cell></Row>
<Row ss:Index='6'> <Cell ss:StyleID='s01_0_S2111' ><Data ss:Type='String' >Quintile 4</Data></Cell> <Cell ss:StyleID='s01_0_N2303' ><Data ss:Type='Number' >-5.5488052368164062</Data></Cell> <Cell ss:StyleID='s01_0_N2303' ><Data ss:Type='Number' >-44.31536865234375</Data></Cell></Row>
<Row ss:Index='7'> <Cell ss:StyleID='s01_0_S21112' ><Data ss:Type='String' >Quintile 5</Data></Cell> <Cell ss:StyleID='s01_0_N23032' ><Data ss:Type='Number' >-5.4249782562255859</Data></Cell> <Cell ss:StyleID='s01_0_N23032' ><Data ss:Type='Number' >-65.346893310546875</Data></Cell></Row>
<Row ss:Index='8'> <Cell ss:StyleID='s01_0_S211113' ><Data ss:Type='String' >Total</Data></Cell> <Cell ss:StyleID='s01_0_N230313' ><Data ss:Type='Number' >-5.3782162666320801</Data></Cell> <Cell ss:StyleID='s01_0_N230313' ><Data ss:Type='Number' >-40.440299987792969</Data></Cell></Row>
<Row ss:Index='9'><Cell ss:StyleID='s01_Note'><Data ss:Type='String'></Data></Cell></Row><Row ss:Index='10'><Cell ss:StyleID='s01_Note' ><Data ss:Type='String'> </Data></Cell></Row><Row ss:Index='11'><Cell ss:StyleID='s01_Note' ><Data ss:Type='String'> </Data></Cell></Row></Table></Worksheet>
<Worksheet ss:Name='table_46_S1'><Table x:FullColumns='1' x:FullRows='1'><Column ss:Index='1' ss:AutoFitWidth='0'  ss:Width='140'/><Row ss:Index='1' ss:AutoFitHeight='1' ss:Height='14.55'> ><Cell ss:StyleID='s01_Title'  ss:MergeAcross='3' ss:HRef="#table_11!A1">                               <Data ss:Type='String'>Table 4.6: The impact of the reform on the government revenue (in currency)</Data></Cell></Row><Row ss:Index='2'> <Cell ss:StyleID='s01_0_S211114' ><Data ss:Type='String' ></Data></Cell> <Cell ss:StyleID='s01_0_SCCB014' ><Data ss:Type='String' >Flour  </Data></Cell> <Cell ss:StyleID='s01_0_SCCB014' ><Data ss:Type='String' >Rice </Data></Cell> <Cell ss:StyleID='s01_0_SCCB014' ><Data ss:Type='String' >Total</Data></Cell></Row>
<Row ss:Index='3'> <Cell ss:StyleID='s01_0_S2111' ><Data ss:Type='String' >Quintile 1</Data></Cell> <Cell ss:StyleID='s01_0_N2300' ><Data ss:Type='Number' >348379.625</Data></Cell> <Cell ss:StyleID='s01_0_N2300' ><Data ss:Type='Number' >1779192.5</Data></Cell> <Cell ss:StyleID='s01_0_N2300' ><Data ss:Type='Number' >2127572.25</Data></Cell></Row>
<Row ss:Index='4'> <Cell ss:StyleID='s01_0_S2111' ><Data ss:Type='String' >Quintile 2</Data></Cell> <Cell ss:StyleID='s01_0_N2300' ><Data ss:Type='Number' >376378.25</Data></Cell> <Cell ss:StyleID='s01_0_N2300' ><Data ss:Type='Number' >2205358</Data></Cell> <Cell ss:StyleID='s01_0_N2300' ><Data ss:Type='Number' >2581736.25</Data></Cell></Row>
<Row ss:Index='5'> <Cell ss:StyleID='s01_0_S2111' ><Data ss:Type='String' >Quintile 3</Data></Cell> <Cell ss:StyleID='s01_0_N2300' ><Data ss:Type='Number' >376529.40625</Data></Cell> <Cell ss:StyleID='s01_0_N2300' ><Data ss:Type='Number' >2981587.25</Data></Cell> <Cell ss:StyleID='s01_0_N2300' ><Data ss:Type='Number' >3358116.5</Data></Cell></Row>
<Row ss:Index='6'> <Cell ss:StyleID='s01_0_S2111' ><Data ss:Type='String' >Quintile 4</Data></Cell> <Cell ss:StyleID='s01_0_N2300' ><Data ss:Type='Number' >384461.9375</Data></Cell> <Cell ss:StyleID='s01_0_N2300' ><Data ss:Type='Number' >3339162.25</Data></Cell> <Cell ss:StyleID='s01_0_N2300' ><Data ss:Type='Number' >3723624</Data></Cell></Row>
<Row ss:Index='7'> <Cell ss:StyleID='s01_0_S21112' ><Data ss:Type='String' >Quintile 5</Data></Cell> <Cell ss:StyleID='s01_0_N23002' ><Data ss:Type='Number' >374617.21875</Data></Cell> <Cell ss:StyleID='s01_0_N23002' ><Data ss:Type='Number' >4907314.5</Data></Cell> <Cell ss:StyleID='s01_0_N23002' ><Data ss:Type='Number' >5281932</Data></Cell></Row>
<Row ss:Index='8'> <Cell ss:StyleID='s01_0_S211113' ><Data ss:Type='String' >Total</Data></Cell> <Cell ss:StyleID='s01_0_N230013' ><Data ss:Type='Number' >1860366.375</Data></Cell> <Cell ss:StyleID='s01_0_N230013' ><Data ss:Type='Number' >15212614</Data></Cell> <Cell ss:StyleID='s01_0_N230013' ><Data ss:Type='Number' >17072980</Data></Cell></Row>
<Row ss:Index='9'><Cell ss:StyleID='s01_Note'><Data ss:Type='String'></Data></Cell></Row><Row ss:Index='10'><Cell ss:StyleID='s01_Note' ><Data ss:Type='String'> </Data></Cell></Row><Row ss:Index='11'><Cell ss:StyleID='s01_Note' ><Data ss:Type='String'> </Data></Cell></Row></Table></Worksheet>
<Worksheet ss:Name='table_47_S1'><Table x:FullColumns='1' x:FullRows='1'><Column ss:Index='1' ss:AutoFitWidth='0'  ss:Width='140'/><Row ss:Index='1' ss:AutoFitHeight='1' ss:Height='14.55'> ><Cell ss:StyleID='s01_Title'  ss:MergeAcross='4' ss:HRef="#table_11!A1">                               <Data ss:Type='String'>Table 4.7: The reform and the poverty headcount</Data></Cell></Row><Row ss:Index='2'> <Cell ss:StyleID='s01_0_S211114' ><Data ss:Type='String' ></Data></Cell> <Cell ss:StyleID='s01_0_SCCB014' ><Data ss:Type='String' >Poverty level</Data></Cell> <Cell ss:StyleID='s01_0_SCCB014' ><Data ss:Type='String' >The change in poverty </Data></Cell> <Cell ss:StyleID='s01_0_SCCB014' ><Data ss:Type='String' >Standard error</Data></Cell> <Cell ss:StyleID='s01_0_SCCB014' ><Data ss:Type='String' >P-Value</Data></Cell></Row>
<Row ss:Index='3'> <Cell ss:StyleID='s01_0_S2111' ><Data ss:Type='String' >Pre reform</Data></Cell> <Cell ss:StyleID='s01_0_N2303' ><Data ss:Type='Number' >11.502338409423828</Data></Cell> <Cell ss:StyleID='s01_0_N2303' ><Data ss:Type='String' >.</Data></Cell> <Cell ss:StyleID='s01_0_N2303' ><Data ss:Type='String' >.</Data></Cell> <Cell ss:StyleID='s01_0_N2303' ><Data ss:Type='String' >.</Data></Cell></Row>
<Row ss:Index='4'> <Cell ss:StyleID='s01_0_S2111' ><Data ss:Type='String' >Flour </Data></Cell> <Cell ss:StyleID='s01_0_N2303' ><Data ss:Type='Number' >11.502338409423828</Data></Cell> <Cell ss:StyleID='s01_0_N2303' ><Data ss:Type='Number' >0</Data></Cell> <Cell ss:StyleID='s01_0_N2303' ><Data ss:Type='Number' >0</Data></Cell> <Cell ss:StyleID='s01_0_N2303' ><Data ss:Type='Number' >0</Data></Cell></Row>
<Row ss:Index='5'> <Cell ss:StyleID='s01_0_S21112' ><Data ss:Type='String' >Rice</Data></Cell> <Cell ss:StyleID='s01_0_N23032' ><Data ss:Type='Number' >11.827884674072266</Data></Cell> <Cell ss:StyleID='s01_0_N23032' ><Data ss:Type='Number' >.32554623484611511</Data></Cell> <Cell ss:StyleID='s01_0_N23032' ><Data ss:Type='Number' >.16719017922878265</Data></Cell> <Cell ss:StyleID='s01_0_N23032' ><Data ss:Type='Number' >.051515396684408188</Data></Cell></Row>
<Row ss:Index='6'> <Cell ss:StyleID='s01_0_S211113' ><Data ss:Type='String' >Post reform</Data></Cell> <Cell ss:StyleID='s01_0_N230313' ><Data ss:Type='Number' >11.911267280578613</Data></Cell> <Cell ss:StyleID='s01_0_N230313' ><Data ss:Type='Number' >.40892866253852844</Data></Cell> <Cell ss:StyleID='s01_0_N230313' ><Data ss:Type='Number' >.18677550554275513</Data></Cell> <Cell ss:StyleID='s01_0_N230313' ><Data ss:Type='Number' >.028566857799887657</Data></Cell></Row>
<Row ss:Index='7'><Cell ss:StyleID='s01_Note'><Data ss:Type='String'></Data></Cell></Row><Row ss:Index='8'><Cell ss:StyleID='s01_Note' ><Data ss:Type='String'> </Data></Cell></Row><Row ss:Index='9'><Cell ss:StyleID='s01_Note' ><Data ss:Type='String'> </Data></Cell></Row></Table></Worksheet>
<Worksheet ss:Name='table_48_S1'><Table x:FullColumns='1' x:FullRows='1'><Column ss:Index='1' ss:AutoFitWidth='0'  ss:Width='140'/><Row ss:Index='1' ss:AutoFitHeight='1' ss:Height='14.55'> ><Cell ss:StyleID='s01_Title'  ss:MergeAcross='4' ss:HRef="#table_11!A1">                               <Data ss:Type='String'>Table 4.8: The reform and the poverty gap</Data></Cell></Row><Row ss:Index='2'> <Cell ss:StyleID='s01_0_S211114' ><Data ss:Type='String' ></Data></Cell> <Cell ss:StyleID='s01_0_SCCB014' ><Data ss:Type='String' >Poverty level</Data></Cell> <Cell ss:StyleID='s01_0_SCCB014' ><Data ss:Type='String' >The change in poverty </Data></Cell> <Cell ss:StyleID='s01_0_SCCB014' ><Data ss:Type='String' >Standard error</Data></Cell> <Cell ss:StyleID='s01_0_SCCB014' ><Data ss:Type='String' >P-Value</Data></Cell></Row>
<Row ss:Index='3'> <Cell ss:StyleID='s01_0_S2111' ><Data ss:Type='String' >Pre reform</Data></Cell> <Cell ss:StyleID='s01_0_N2303' ><Data ss:Type='Number' >2.1939399242401123</Data></Cell> <Cell ss:StyleID='s01_0_N2303' ><Data ss:Type='String' >.</Data></Cell> <Cell ss:StyleID='s01_0_N2303' ><Data ss:Type='String' >.</Data></Cell> <Cell ss:StyleID='s01_0_N2303' ><Data ss:Type='String' >.</Data></Cell></Row>
<Row ss:Index='4'> <Cell ss:StyleID='s01_0_S2111' ><Data ss:Type='String' >Flour </Data></Cell> <Cell ss:StyleID='s01_0_N2303' ><Data ss:Type='Number' >2.2117526531219482</Data></Cell> <Cell ss:StyleID='s01_0_N2303' ><Data ss:Type='Number' >.017812605947256088</Data></Cell> <Cell ss:StyleID='s01_0_N2303' ><Data ss:Type='Number' >.0021505886688828468</Data></Cell> <Cell ss:StyleID='s01_0_N2303' ><Data ss:Type='Number' >2.220446049250313100e-16</Data></Cell></Row>
<Row ss:Index='5'> <Cell ss:StyleID='s01_0_S21112' ><Data ss:Type='String' >Rice</Data></Cell> <Cell ss:StyleID='s01_0_N23032' ><Data ss:Type='Number' >2.2653393745422363</Data></Cell> <Cell ss:StyleID='s01_0_N23032' ><Data ss:Type='Number' >.071399286389350891</Data></Cell> <Cell ss:StyleID='s01_0_N23032' ><Data ss:Type='Number' >.0088050505146384239</Data></Cell> <Cell ss:StyleID='s01_0_N23032' ><Data ss:Type='Number' >4.440892098500626200e-16</Data></Cell></Row>
<Row ss:Index='6'> <Cell ss:StyleID='s01_0_S211113' ><Data ss:Type='String' >Post reform</Data></Cell> <Cell ss:StyleID='s01_0_N230313' ><Data ss:Type='Number' >2.2841124534606934</Data></Cell> <Cell ss:StyleID='s01_0_N230313' ><Data ss:Type='Number' >.090172484517097473</Data></Cell> <Cell ss:StyleID='s01_0_N230313' ><Data ss:Type='Number' >.010195570066571236</Data></Cell> <Cell ss:StyleID='s01_0_N230313' ><Data ss:Type='Number' >0</Data></Cell></Row>
<Row ss:Index='7'><Cell ss:StyleID='s01_Note'><Data ss:Type='String'></Data></Cell></Row><Row ss:Index='8'><Cell ss:StyleID='s01_Note' ><Data ss:Type='String'> </Data></Cell></Row><Row ss:Index='9'><Cell ss:StyleID='s01_Note' ><Data ss:Type='String'> </Data></Cell></Row></Table></Worksheet>
<Worksheet ss:Name='table_49_S1'><Table x:FullColumns='1' x:FullRows='1'><Column ss:Index='1' ss:AutoFitWidth='0'  ss:Width='140'/><Row ss:Index='1' ss:AutoFitHeight='1' ss:Height='14.55'> ><Cell ss:StyleID='s01_Title'  ss:MergeAcross='4' ss:HRef="#table_11!A1">                               <Data ss:Type='String'>Table 4.9: The reform and the Gini inequality</Data></Cell></Row><Row ss:Index='2'> <Cell ss:StyleID='s01_0_S211114' ><Data ss:Type='String' ></Data></Cell> <Cell ss:StyleID='s01_0_SCCB014' ><Data ss:Type='String' >The Gini index</Data></Cell> <Cell ss:StyleID='s01_0_SCCB014' ><Data ss:Type='String' >Variation in Gini</Data></Cell> <Cell ss:StyleID='s01_0_SCCB014' ><Data ss:Type='String' >Standard error</Data></Cell> <Cell ss:StyleID='s01_0_SCCB014' ><Data ss:Type='String' >P_Value</Data></Cell></Row>
<Row ss:Index='3'> <Cell ss:StyleID='s01_0_S2111' ><Data ss:Type='String' >Pre reform</Data></Cell> <Cell ss:StyleID='s01_0_N2302' ><Data ss:Type='Number' >28.493137359619141</Data></Cell> <Cell ss:StyleID='s01_0_N2302' ><Data ss:Type='String' >.</Data></Cell> <Cell ss:StyleID='s01_0_N2302' ><Data ss:Type='String' >.</Data></Cell> <Cell ss:StyleID='s01_0_N2302' ><Data ss:Type='String' >.</Data></Cell></Row>
<Row ss:Index='4'> <Cell ss:StyleID='s01_0_S2111' ><Data ss:Type='String' >Flour </Data></Cell> <Cell ss:StyleID='s01_0_N2302' ><Data ss:Type='Number' >28.516624450683594</Data></Cell> <Cell ss:StyleID='s01_0_N2302' ><Data ss:Type='Number' >.02349361777305603</Data></Cell> <Cell ss:StyleID='s01_0_N2302' ><Data ss:Type='Number' >.0013492448488250375</Data></Cell> <Cell ss:StyleID='s01_0_N2302' ><Data ss:Type='Number' >0</Data></Cell></Row>
<Row ss:Index='5'> <Cell ss:StyleID='s01_0_S21112' ><Data ss:Type='String' >Rice</Data></Cell> <Cell ss:StyleID='s01_0_N23022' ><Data ss:Type='Number' >28.538568496704102</Data></Cell> <Cell ss:StyleID='s01_0_N23022' ><Data ss:Type='Number' >.045432556420564651</Data></Cell> <Cell ss:StyleID='s01_0_N23022' ><Data ss:Type='Number' >.0074673108756542206</Data></Cell> <Cell ss:StyleID='s01_0_N23022' ><Data ss:Type='Number' >1.170801011696198700e-09</Data></Cell></Row>
<Row ss:Index='6'> <Cell ss:StyleID='s01_0_S211113' ><Data ss:Type='String' >Post reform</Data></Cell> <Cell ss:StyleID='s01_0_N230213' ><Data ss:Type='Number' >28.562372207641602</Data></Cell> <Cell ss:StyleID='s01_0_N230213' ><Data ss:Type='Number' >.069234035909175873</Data></Cell> <Cell ss:StyleID='s01_0_N230213' ><Data ss:Type='Number' >.0079100262373685837</Data></Cell> <Cell ss:StyleID='s01_0_N230213' ><Data ss:Type='Number' >0</Data></Cell></Row>
<Row ss:Index='7'><Cell ss:StyleID='s01_Note'><Data ss:Type='String'></Data></Cell></Row><Row ss:Index='8'><Cell ss:StyleID='s01_Note' ><Data ss:Type='String'> </Data></Cell></Row><Row ss:Index='9'><Cell ss:StyleID='s01_Note' ><Data ss:Type='String'> </Data></Cell></Row></Table></Worksheet>
</Workbook>