<?xml version='1.0' encoding='ISO-8859-1' standalone='yes'?>                           <?mso-application progid='Excel.Sheet'?>                           <Workbook xmlns='urn:schemas-microsoft-com:office:spreadsheet'                                     xmlns:o='urn:schemas-microsoft-com:office:office'                                     xmlns:x='urn:schemas-microsoft-com:office:excel'                                     xmlns:ss='urn:schemas-microsoft-com:office:spreadsheet'                                     xmlns:html='http://www.w3.org/TR/REC-html40'>
<FontList>01 Courier New 8</FontList>
<Styles><Style ss:ID='s' /> <Style ss:ID='s01_Title'><Alignment ss:Vertical='Center' ss:Horizontal='Center' ss:WrapText='1' /><Font ss:Bold='1' ss:FontName='Courier New' ss:Size='8'  /></Style><Style ss:ID='s01_Note'><Alignment ss:Vertical='Center' ss:Horizontal='Left' /><Font ss:FontName='Courier New' ss:Size='8' /></Style><Style ss:ID='s01_0_S211114'><Alignment ss:Vertical='Center' ss:Horizontal='Left' ss:WrapText='1'/><Font ss:Bold='1' ss:FontName='Courier New' ss:Size='8' /><Borders><Border ss:Position='Bottom' ss:LineStyle='Continuous' ss:Weight='1'  />" "<Border ss:Position='Top'    ss:LineStyle='Double'     ss:Weight='1' /> </Borders><NumberFormat ss:Format='#,##0.0&quot;&quot;;-#,##0.0&quot;&quot;' /></Style><Style ss:ID='s01_0_S2111'><Alignment ss:Vertical='Center' ss:Horizontal='Left' ss:WrapText='1'/><Font ss:Bold='1' ss:FontName='Courier New' ss:Size='8' /><Borders></Borders><NumberFormat ss:Format='#,##0.0&quot;&quot;;-#,##0.0&quot;&quot;' /></Style><Style ss:ID='s01_0_S21112'><Alignment ss:Vertical='Center' ss:Horizontal='Left' ss:WrapText='1'/><Font ss:Bold='1' ss:FontName='Courier New' ss:Size='8' /><Borders><Border ss:Position='Bottom' ss:LineStyle='Continuous' ss:Weight='1' /></Borders><NumberFormat ss:Format='#,##0.0&quot;&quot;;-#,##0.0&quot;&quot;' /></Style><Style ss:ID='s01_0_SCCB014'><Alignment ss:Vertical='Center' ss:Horizontal='Center' ss:WrapText='1'/><Font ss:Bold='1' ss:FontName='Courier New' ss:Size='8' /><Borders><Border ss:Position='Bottom' ss:LineStyle='Continuous' ss:Weight='1'  />" "<Border ss:Position='Top'    ss:LineStyle='Double'     ss:Weight='1' /> </Borders><NumberFormat ss:Format='#,##0&quot;&quot;;-#,##0&quot;&quot;' /></Style><Style ss:ID='s01_0_N2316'><Alignment ss:Vertical='Center' ss:Horizontal='Right' /><Font ss:Bold='1' ss:FontName='Courier New' ss:Size='8' /><Borders></Borders><NumberFormat ss:Format='#,##0.000000&quot;&quot;;-#,##0.000000&quot;&quot;' /></Style><Style ss:ID='s01_0_N23162'><Alignment ss:Vertical='Center' ss:Horizontal='Right' /><Font ss:Bold='1' ss:FontName='Courier New' ss:Size='8' /><Borders><Border ss:Position='Bottom' ss:LineStyle='Continuous' ss:Weight='1' /></Borders><NumberFormat ss:Format='#,##0.000000&quot;&quot;;-#,##0.000000&quot;&quot;' /></Style><Style ss:ID='s01_0_S211113'><Alignment ss:Vertical='Center' ss:Horizontal='Left' ss:WrapText='1'/><Font ss:Bold='1' ss:FontName='Courier New' ss:Size='8' /><Borders><Border ss:Position='Bottom' ss:LineStyle='Double' ss:Weight='3' /> </Borders><NumberFormat ss:Format='#,##0.0&quot;&quot;;-#,##0.0&quot;&quot;' /></Style><Style ss:ID='s01_0_N2300'><Alignment ss:Vertical='Center' ss:Horizontal='Right' /><Font  ss:FontName='Courier New' ss:Size='8' /><Borders></Borders><NumberFormat ss:Format='#,##0&quot;&quot;;-#,##0&quot;&quot;' /></Style><Style ss:ID='s01_0_N23002'><Alignment ss:Vertical='Center' ss:Horizontal='Right' /><Font  ss:FontName='Courier New' ss:Size='8' /><Borders><Border ss:Position='Bottom' ss:LineStyle='Continuous' ss:Weight='1' /></Borders><NumberFormat ss:Format='#,##0&quot;&quot;;-#,##0&quot;&quot;' /></Style><Style ss:ID='s01_0_N230013'><Alignment ss:Vertical='Center' ss:Horizontal='Right' /><Font  ss:FontName='Courier New' ss:Size='8' /><Borders><Border ss:Position='Bottom' ss:LineStyle='Double' ss:Weight='3' /> </Borders><NumberFormat ss:Format='#,##0&quot;&quot;;-#,##0&quot;&quot;' /></Style><Style ss:ID='s01_0_N2302'><Alignment ss:Vertical='Center' ss:Horizontal='Right' /><Font  ss:FontName='Courier New' ss:Size='8' /><Borders></Borders><NumberFormat ss:Format='#,##0.00&quot;&quot;;-#,##0.00&quot;&quot;' /></Style><Style ss:ID='s01_0_N23022'><Alignment ss:Vertical='Center' ss:Horizontal='Right' /><Font  ss:FontName='Courier New' ss:Size='8' /><Borders><Border ss:Position='Bottom' ss:LineStyle='Continuous' ss:Weight='1' /></Borders><NumberFormat ss:Format='#,##0.00&quot;&quot;;-#,##0.00&quot;&quot;' /></Style><Style ss:ID='s01_0_N230213'><Alignment ss:Vertical='Center' ss:Horizontal='Right' /><Font  ss:FontName='Courier New' ss:Size='8' /><Borders><Border ss:Position='Bottom' ss:LineStyle='Double' ss:Weight='3' /> </Borders><NumberFormat ss:Format='#,##0.00&quot;&quot;;-#,##0.00&quot;&quot;' /></Style></Styles>
<DocumentProperties xmlns='urn:schemas-microsoft-com:office:office'><Description>created using xml_tab</Description></DocumentProperties><Sheetnames>?General Info?table_11?table_22?</Sheetnames>
<Worksheet ss:Name='General Info'><Table x:FullColumns='1' x:FullRows='1'><Column ss:Index='1' ss:AutoFitWidth='0'  ss:Width='140'/><Row ss:Index='1'><Cell ss:StyleID='s01_Note'><Data ss:Type='String'> - Country: MyCountry  </Data></Cell></Row><Row ss:Index='2'><Cell ss:StyleID='s01_Note'><Data ss:Type='String'> - Data survey: C:\taxsim2\example_ind\example_act.dta  </Data></Cell></Row><Row ss:Index='3'><Cell ss:StyleID='s01_Note'><Data ss:Type='String'> - Year of survey: 2010  </Data></Cell></Row><Row ss:Index='4'><Cell ss:StyleID='s01_Note'><Data ss:Type='String'> - Year of simulation: 2013  </Data></Cell></Row><Row ss:Index='5'><Cell ss:StyleID='s01_Note'><Data ss:Type='String'> - Local curency: CUR  </Data></Cell></Row><Row ss:Index='6'><Cell ss:StyleID='s01_Note'><Data ss:Type='String'> - Per capita expenditures: pcexp  </Data></Cell></Row><Row ss:Index='7'><Cell ss:StyleID='s01_Note'><Data ss:Type='String'> - Household size: hhsize  </Data></Cell></Row><Row ss:Index='8'><Cell ss:StyleID='s01_Note'><Data ss:Type='String'> - Sampling weight: sweight  </Data></Cell></Row><Row ss:Index='9'><Cell ss:StyleID='s01_Note'><Data ss:Type='String'> - Cost push price model | long term | temporal exogenous shock(s) </Data></Cell></Row><Row ss:Index='10'><Cell ss:StyleID='s01_Note'><Data ss:Type='String'> - Impact on well-being: Marginal approach </Data></Cell></Row><Row ss:Index='11'><Cell ss:StyleID='s01_Note'><Data ss:Type='String'> - Poverty line : pline | Min=905.2437133789063 | Max=1408.827758789063  </Data></Cell></Row><Row ss:Index='12'><Cell ss:StyleID='s01_Note'><Data ss:Type='String'> - Number of items: 9  </Data></Cell></Row><Row ss:Index='15'> <Cell ss:StyleID='s01_0_S211114' ><Data ss:Type='String' ></Data></Cell> <Cell ss:StyleID='s01_0_SCCB014' ><Data ss:Type='String' >Initial price</Data></Cell> <Cell ss:StyleID='s01_0_SCCB014' ><Data ss:Type='String' >Final price</Data></Cell> <Cell ss:StyleID='s01_0_SCCB014' ><Data ss:Type='String' >Final price</Data></Cell></Row>
<Row ss:Index='16'> <Cell ss:StyleID='s01_0_S2111' ><Data ss:Type='String' >Food</Data></Cell> <Cell ss:StyleID='s01_0_N2316' ><Data ss:Type='Number' >1</Data></Cell> <Cell ss:StyleID='s01_0_N2316' ><Data ss:Type='Number' >0</Data></Cell> <Cell ss:StyleID='s01_0_N2316' ><Data ss:Type='Number' >1.1360199451446533</Data></Cell></Row>
<Row ss:Index='17'> <Cell ss:StyleID='s01_0_S2111' ><Data ss:Type='String' >Clothes</Data></Cell> <Cell ss:StyleID='s01_0_N2316' ><Data ss:Type='Number' >1</Data></Cell> <Cell ss:StyleID='s01_0_N2316' ><Data ss:Type='Number' >0</Data></Cell> <Cell ss:StyleID='s01_0_N2316' ><Data ss:Type='Number' >1.2139359712600708</Data></Cell></Row>
<Row ss:Index='18'> <Cell ss:StyleID='s01_0_S2111' ><Data ss:Type='String' >Direct Effect</Data></Cell> <Cell ss:StyleID='s01_0_N2316' ><Data ss:Type='Number' >1</Data></Cell> <Cell ss:StyleID='s01_0_N2316' ><Data ss:Type='Number' >0</Data></Cell> <Cell ss:StyleID='s01_0_N2316' ><Data ss:Type='Number' >1.1243879795074463</Data></Cell></Row>
<Row ss:Index='19'> <Cell ss:StyleID='s01_0_S2111' ><Data ss:Type='String' >Transport</Data></Cell> <Cell ss:StyleID='s01_0_N2316' ><Data ss:Type='Number' >1</Data></Cell> <Cell ss:StyleID='s01_0_N2316' ><Data ss:Type='Number' >0</Data></Cell> <Cell ss:StyleID='s01_0_N2316' ><Data ss:Type='Number' >1.0265990495681763</Data></Cell></Row>
<Row ss:Index='20'> <Cell ss:StyleID='s01_0_S2111' ><Data ss:Type='String' >Electricity</Data></Cell> <Cell ss:StyleID='s01_0_N2316' ><Data ss:Type='Number' >1</Data></Cell> <Cell ss:StyleID='s01_0_N2316' ><Data ss:Type='Number' >0</Data></Cell> <Cell ss:StyleID='s01_0_N2316' ><Data ss:Type='Number' >1.0857570171356201</Data></Cell></Row>
<Row ss:Index='21'> <Cell ss:StyleID='s01_0_S2111' ><Data ss:Type='String' >Travel and tourism</Data></Cell> <Cell ss:StyleID='s01_0_N2316' ><Data ss:Type='Number' >1</Data></Cell> <Cell ss:StyleID='s01_0_N2316' ><Data ss:Type='Number' >0</Data></Cell> <Cell ss:StyleID='s01_0_N2316' ><Data ss:Type='Number' >1.0248210430145264</Data></Cell></Row>
<Row ss:Index='22'> <Cell ss:StyleID='s01_0_S2111' ><Data ss:Type='String' >Telecomunication</Data></Cell> <Cell ss:StyleID='s01_0_N2316' ><Data ss:Type='Number' >1</Data></Cell> <Cell ss:StyleID='s01_0_N2316' ><Data ss:Type='Number' >0</Data></Cell> <Cell ss:StyleID='s01_0_N2316' ><Data ss:Type='Number' >1.0152380466461182</Data></Cell></Row>
<Row ss:Index='23'> <Cell ss:StyleID='s01_0_S2111' ><Data ss:Type='String' >Habits</Data></Cell> <Cell ss:StyleID='s01_0_N2316' ><Data ss:Type='Number' >1</Data></Cell> <Cell ss:StyleID='s01_0_N2316' ><Data ss:Type='Number' >0</Data></Cell> <Cell ss:StyleID='s01_0_N2316' ><Data ss:Type='Number' >1.0878150463104248</Data></Cell></Row>
<Row ss:Index='24'> <Cell ss:StyleID='s01_0_S21112' ><Data ss:Type='String' >Education</Data></Cell> <Cell ss:StyleID='s01_0_N23162' ><Data ss:Type='Number' >1</Data></Cell> <Cell ss:StyleID='s01_0_N23162' ><Data ss:Type='Number' >0</Data></Cell> <Cell ss:StyleID='s01_0_N23162' ><Data ss:Type='Number' >1.0838830471038818</Data></Cell></Row>
<Row ss:Index='25'><Cell ss:StyleID='s01_Note'><Data ss:Type='String'></Data></Cell></Row></Table></Worksheet>
<Worksheet ss:Name='table_11'><Table x:FullColumns='1' x:FullRows='1'><Column ss:Index='1' ss:AutoFitWidth='0'  ss:Width='140'/><Row ss:Index='1' ss:AutoFitHeight='1' ss:Height='24.55'> ><Cell ss:StyleID='s01_Title'  ss:MergeAcross='6' ss:HRef="#table_11!A1">                               <Data ss:Type='String'>Table 1.1: Population and expenditures (in currency)</Data></Cell></Row><Row ss:Index='2'> <Cell ss:StyleID='s01_0_S211114' ><Data ss:Type='String' ></Data></Cell> <Cell ss:StyleID='s01_0_SCCB014' ><Data ss:Type='String' >Population </Data></Cell> <Cell ss:StyleID='s01_0_SCCB014' ><Data ss:Type='String' >Number of households</Data></Cell> <Cell ss:StyleID='s01_0_SCCB014' ><Data ss:Type='String' >Household size</Data></Cell> <Cell ss:StyleID='s01_0_SCCB014' ><Data ss:Type='String' >Total expenditures</Data></Cell> <Cell ss:StyleID='s01_0_SCCB014' ><Data ss:Type='String' >Total expenditures per capita</Data></Cell> <Cell ss:StyleID='s01_0_SCCB014' ><Data ss:Type='String' >Total expenditures per household</Data></Cell></Row>
<Row ss:Index='3'> <Cell ss:StyleID='s01_0_S2111' ><Data ss:Type='String' >Quintile 1</Data></Cell> <Cell ss:StyleID='s01_0_N2300' ><Data ss:Type='Number' >2158124.5</Data></Cell> <Cell ss:StyleID='s01_0_N2300' ><Data ss:Type='Number' >404805.65625</Data></Cell> <Cell ss:StyleID='s01_0_N2300' ><Data ss:Type='Number' >5.3312606811523437</Data></Cell> <Cell ss:StyleID='s01_0_N2300' ><Data ss:Type='Number' >2087824256</Data></Cell> <Cell ss:StyleID='s01_0_N2300' ><Data ss:Type='Number' >967.42523193359375</Data></Cell> <Cell ss:StyleID='s01_0_N2300' ><Data ss:Type='Number' >5157.59619140625</Data></Cell></Row>
<Row ss:Index='4'> <Cell ss:StyleID='s01_0_S2111' ><Data ss:Type='String' >Quintile 2</Data></Cell> <Cell ss:StyleID='s01_0_N2300' ><Data ss:Type='Number' >2153274</Data></Cell> <Cell ss:StyleID='s01_0_N2300' ><Data ss:Type='Number' >463731.5</Data></Cell> <Cell ss:StyleID='s01_0_N2300' ><Data ss:Type='Number' >4.6433634757995605</Data></Cell> <Cell ss:StyleID='s01_0_N2300' ><Data ss:Type='Number' >3483523072</Data></Cell> <Cell ss:StyleID='s01_0_N2300' ><Data ss:Type='Number' >1617.77978515625</Data></Cell> <Cell ss:StyleID='s01_0_N2300' ><Data ss:Type='Number' >7511.93994140625</Data></Cell></Row>
<Row ss:Index='5'> <Cell ss:StyleID='s01_0_S2111' ><Data ss:Type='String' >Quintile 3</Data></Cell> <Cell ss:StyleID='s01_0_N2300' ><Data ss:Type='Number' >2154653.75</Data></Cell> <Cell ss:StyleID='s01_0_N2300' ><Data ss:Type='Number' >517850.28125</Data></Cell> <Cell ss:StyleID='s01_0_N2300' ><Data ss:Type='Number' >4.1607656478881836</Data></Cell> <Cell ss:StyleID='s01_0_N2300' ><Data ss:Type='Number' >4853630464</Data></Cell> <Cell ss:StyleID='s01_0_N2300' ><Data ss:Type='Number' >2252.626708984375</Data></Cell> <Cell ss:StyleID='s01_0_N2300' ><Data ss:Type='Number' >9372.65234375</Data></Cell></Row>
<Row ss:Index='6'> <Cell ss:StyleID='s01_0_S2111' ><Data ss:Type='String' >Quintile 4</Data></Cell> <Cell ss:StyleID='s01_0_N2300' ><Data ss:Type='Number' >2155676</Data></Cell> <Cell ss:StyleID='s01_0_N2300' ><Data ss:Type='Number' >580579.75</Data></Cell> <Cell ss:StyleID='s01_0_N2300' ><Data ss:Type='Number' >3.7129712104797363</Data></Cell> <Cell ss:StyleID='s01_0_N2300' ><Data ss:Type='Number' >6939777024</Data></Cell> <Cell ss:StyleID='s01_0_N2300' ><Data ss:Type='Number' >3219.304443359375</Data></Cell> <Cell ss:StyleID='s01_0_N2300' ><Data ss:Type='Number' >11953.1845703125</Data></Cell></Row>
<Row ss:Index='7'> <Cell ss:StyleID='s01_0_S21112' ><Data ss:Type='String' >Quintile 5</Data></Cell> <Cell ss:StyleID='s01_0_N23002' ><Data ss:Type='Number' >2154933.25</Data></Cell> <Cell ss:StyleID='s01_0_N23002' ><Data ss:Type='Number' >704464.75</Data></Cell> <Cell ss:StyleID='s01_0_N23002' ><Data ss:Type='Number' >3.0589652061462402</Data></Cell> <Cell ss:StyleID='s01_0_N23002' ><Data ss:Type='Number' >15204014080</Data></Cell> <Cell ss:StyleID='s01_0_N23002' ><Data ss:Type='Number' >7055.44580078125</Data></Cell> <Cell ss:StyleID='s01_0_N23002' ><Data ss:Type='Number' >21582.36328125</Data></Cell></Row>
<Row ss:Index='8'> <Cell ss:StyleID='s01_0_S211113' ><Data ss:Type='String' >Total</Data></Cell> <Cell ss:StyleID='s01_0_N230013' ><Data ss:Type='Number' >10776661</Data></Cell> <Cell ss:StyleID='s01_0_N230013' ><Data ss:Type='Number' >2671432</Data></Cell> <Cell ss:StyleID='s01_0_N230013' ><Data ss:Type='Number' >4.0340394973754883</Data></Cell> <Cell ss:StyleID='s01_0_N230013' ><Data ss:Type='Number' >32568768512</Data></Cell> <Cell ss:StyleID='s01_0_N230013' ><Data ss:Type='Number' >3022.15771484375</Data></Cell> <Cell ss:StyleID='s01_0_N230013' ><Data ss:Type='Number' >12191.5029296875</Data></Cell></Row>
<Row ss:Index='9'><Cell ss:StyleID='s01_Note'><Data ss:Type='String'></Data></Cell></Row><Row ss:Index='10'><Cell ss:StyleID='s01_Note' ><Data ss:Type='String'> </Data></Cell></Row></Table></Worksheet>
<Worksheet ss:Name='table_22'><Table x:FullColumns='1' x:FullRows='1'><Column ss:Index='1' ss:AutoFitWidth='0'  ss:Width='140'/><Row ss:Index='1' ss:AutoFitHeight='1' ss:Height='24.55'> ><Cell ss:StyleID='s01_Title'  ss:MergeAcross='10' ss:HRef="#table_11!A1">                               <Data ss:Type='String'>Table 2.2: Expenditures per household (in currency)</Data></Cell></Row><Row ss:Index='2'> <Cell ss:StyleID='s01_0_S211114' ><Data ss:Type='String' ></Data></Cell> <Cell ss:StyleID='s01_0_SCCB014' ><Data ss:Type='String' >Food  </Data></Cell> <Cell ss:StyleID='s01_0_SCCB014' ><Data ss:Type='String' >Clothes  </Data></Cell> <Cell ss:StyleID='s01_0_SCCB014' ><Data ss:Type='String' >Direct Effect  </Data></Cell> <Cell ss:StyleID='s01_0_SCCB014' ><Data ss:Type='String' >Transport  </Data></Cell> <Cell ss:StyleID='s01_0_SCCB014' ><Data ss:Type='String' >Electricity  </Data></Cell> <Cell ss:StyleID='s01_0_SCCB014' ><Data ss:Type='String' >Travel and tourism  </Data></Cell> <Cell ss:StyleID='s01_0_SCCB014' ><Data ss:Type='String' >Telecomunication  </Data></Cell> <Cell ss:StyleID='s01_0_SCCB014' ><Data ss:Type='String' >Habits  </Data></Cell> <Cell ss:StyleID='s01_0_SCCB014' ><Data ss:Type='String' >Education </Data></Cell> <Cell ss:StyleID='s01_0_SCCB014' ><Data ss:Type='String' >Total</Data></Cell></Row>
<Row ss:Index='3'> <Cell ss:StyleID='s01_0_S2111' ><Data ss:Type='String' >Quintile 1</Data></Cell> <Cell ss:StyleID='s01_0_N2302' ><Data ss:Type='Number' >2024.8681640625</Data></Cell> <Cell ss:StyleID='s01_0_N2302' ><Data ss:Type='Number' >1067.847900390625</Data></Cell> <Cell ss:StyleID='s01_0_N2302' ><Data ss:Type='Number' >130.53633117675781</Data></Cell> <Cell ss:StyleID='s01_0_N2302' ><Data ss:Type='Number' >314.20571899414062</Data></Cell> <Cell ss:StyleID='s01_0_N2302' ><Data ss:Type='Number' >181.54898071289062</Data></Cell> <Cell ss:StyleID='s01_0_N2302' ><Data ss:Type='Number' >3.3242840766906738</Data></Cell> <Cell ss:StyleID='s01_0_N2302' ><Data ss:Type='Number' >229.03488159179687</Data></Cell> <Cell ss:StyleID='s01_0_N2302' ><Data ss:Type='Number' >1067.847900390625</Data></Cell> <Cell ss:StyleID='s01_0_N2302' ><Data ss:Type='Number' >138.38214111328125</Data></Cell> <Cell ss:StyleID='s01_0_N2302' ><Data ss:Type='Number' >5157.59619140625</Data></Cell></Row>
<Row ss:Index='4'> <Cell ss:StyleID='s01_0_S2111' ><Data ss:Type='String' >Quintile 2</Data></Cell> <Cell ss:StyleID='s01_0_N2302' ><Data ss:Type='Number' >2794.662109375</Data></Cell> <Cell ss:StyleID='s01_0_N2302' ><Data ss:Type='Number' >1629.551513671875</Data></Cell> <Cell ss:StyleID='s01_0_N2302' ><Data ss:Type='Number' >174.23086547851563</Data></Cell> <Cell ss:StyleID='s01_0_N2302' ><Data ss:Type='Number' >463.475341796875</Data></Cell> <Cell ss:StyleID='s01_0_N2302' ><Data ss:Type='Number' >249.69956970214844</Data></Cell> <Cell ss:StyleID='s01_0_N2302' ><Data ss:Type='Number' >3.1493892669677734</Data></Cell> <Cell ss:StyleID='s01_0_N2302' ><Data ss:Type='Number' >400.01498413085937</Data></Cell> <Cell ss:StyleID='s01_0_N2302' ><Data ss:Type='Number' >1629.551513671875</Data></Cell> <Cell ss:StyleID='s01_0_N2302' ><Data ss:Type='Number' >167.60458374023437</Data></Cell> <Cell ss:StyleID='s01_0_N2302' ><Data ss:Type='Number' >7511.93994140625</Data></Cell></Row>
<Row ss:Index='5'> <Cell ss:StyleID='s01_0_S2111' ><Data ss:Type='String' >Quintile 3</Data></Cell> <Cell ss:StyleID='s01_0_N2302' ><Data ss:Type='Number' >3263.088134765625</Data></Cell> <Cell ss:StyleID='s01_0_N2302' ><Data ss:Type='Number' >2133.19970703125</Data></Cell> <Cell ss:StyleID='s01_0_N2302' ><Data ss:Type='Number' >216.48150634765625</Data></Cell> <Cell ss:StyleID='s01_0_N2302' ><Data ss:Type='Number' >590.21966552734375</Data></Cell> <Cell ss:StyleID='s01_0_N2302' ><Data ss:Type='Number' >296.71853637695312</Data></Cell> <Cell ss:StyleID='s01_0_N2302' ><Data ss:Type='Number' >10.226899147033691</Data></Cell> <Cell ss:StyleID='s01_0_N2302' ><Data ss:Type='Number' >513.7391357421875</Data></Cell> <Cell ss:StyleID='s01_0_N2302' ><Data ss:Type='Number' >2133.19970703125</Data></Cell> <Cell ss:StyleID='s01_0_N2302' ><Data ss:Type='Number' >215.77891540527344</Data></Cell> <Cell ss:StyleID='s01_0_N2302' ><Data ss:Type='Number' >9372.65234375</Data></Cell></Row>
<Row ss:Index='6'> <Cell ss:StyleID='s01_0_S2111' ><Data ss:Type='String' >Quintile 4</Data></Cell> <Cell ss:StyleID='s01_0_N2302' ><Data ss:Type='Number' >3772.108154296875</Data></Cell> <Cell ss:StyleID='s01_0_N2302' ><Data ss:Type='Number' >2785.91259765625</Data></Cell> <Cell ss:StyleID='s01_0_N2302' ><Data ss:Type='Number' >348.84439086914063</Data></Cell> <Cell ss:StyleID='s01_0_N2302' ><Data ss:Type='Number' >915.20281982421875</Data></Cell> <Cell ss:StyleID='s01_0_N2302' ><Data ss:Type='Number' >355.5675048828125</Data></Cell> <Cell ss:StyleID='s01_0_N2302' ><Data ss:Type='Number' >31.482011795043945</Data></Cell> <Cell ss:StyleID='s01_0_N2302' ><Data ss:Type='Number' >702.0814208984375</Data></Cell> <Cell ss:StyleID='s01_0_N2302' ><Data ss:Type='Number' >2785.91259765625</Data></Cell> <Cell ss:StyleID='s01_0_N2302' ><Data ss:Type='Number' >256.07339477539062</Data></Cell> <Cell ss:StyleID='s01_0_N2302' ><Data ss:Type='Number' >11953.1845703125</Data></Cell></Row>
<Row ss:Index='7'> <Cell ss:StyleID='s01_0_S21112' ><Data ss:Type='String' >Quintile 5</Data></Cell> <Cell ss:StyleID='s01_0_N23022' ><Data ss:Type='Number' >4877.61572265625</Data></Cell> <Cell ss:StyleID='s01_0_N23022' ><Data ss:Type='Number' >5584.65869140625</Data></Cell> <Cell ss:StyleID='s01_0_N23022' ><Data ss:Type='Number' >844.242431640625</Data></Cell> <Cell ss:StyleID='s01_0_N23022' ><Data ss:Type='Number' >2420.214599609375</Data></Cell> <Cell ss:StyleID='s01_0_N23022' ><Data ss:Type='Number' >515.49493408203125</Data></Cell> <Cell ss:StyleID='s01_0_N23022' ><Data ss:Type='Number' >249.82659912109375</Data></Cell> <Cell ss:StyleID='s01_0_N23022' ><Data ss:Type='Number' >1118.92333984375</Data></Cell> <Cell ss:StyleID='s01_0_N23022' ><Data ss:Type='Number' >5584.65869140625</Data></Cell> <Cell ss:StyleID='s01_0_N23022' ><Data ss:Type='Number' >386.72845458984375</Data></Cell> <Cell ss:StyleID='s01_0_N23022' ><Data ss:Type='Number' >21582.36328125</Data></Cell></Row>
<Row ss:Index='8'> <Cell ss:StyleID='s01_0_S211113' ><Data ss:Type='String' >Total</Data></Cell> <Cell ss:StyleID='s01_0_N230213' ><Data ss:Type='Number' >3530.52587890625</Data></Cell> <Cell ss:StyleID='s01_0_N230213' ><Data ss:Type='Number' >2936.351318359375</Data></Cell> <Cell ss:StyleID='s01_0_N230213' ><Data ss:Type='Number' >390.43264770507812</Data></Cell> <Cell ss:StyleID='s01_0_N230213' ><Data ss:Type='Number' >1079.5970458984375</Data></Cell> <Cell ss:StyleID='s01_0_N230213' ><Data ss:Type='Number' >341.58636474609375</Data></Cell> <Cell ss:StyleID='s01_0_N230213' ><Data ss:Type='Number' >75.7548828125</Data></Cell> <Cell ss:StyleID='s01_0_N230213' ><Data ss:Type='Number' >651.37738037109375</Data></Cell> <Cell ss:StyleID='s01_0_N230213' ><Data ss:Type='Number' >2936.351318359375</Data></Cell> <Cell ss:StyleID='s01_0_N230213' ><Data ss:Type='Number' >249.52542114257812</Data></Cell> <Cell ss:StyleID='s01_0_N230213' ><Data ss:Type='Number' >12191.5029296875</Data></Cell></Row>
<Row ss:Index='9'><Cell ss:StyleID='s01_Note'><Data ss:Type='String'></Data></Cell></Row><Row ss:Index='10'><Cell ss:StyleID='s01_Note' ><Data ss:Type='String'> </Data></Cell></Row></Table></Worksheet>
</Workbook>